2026-01-06 15:22:19.337 | INFO     | akagi.akagi:main:1194 - Starting Akagi...
2026-01-06 15:22:19.338 | INFO     | akagi.akagi:main:1195 - MITM Proxy: 127.0.0.1:7880 (MITMType.MAJSOUL)
2026-01-06 15:22:19.338 | INFO     | akagi.akagi:main:1197 - Starting MJAI controller
2026-01-06 15:22:20.319 | INFO     | akagi.akagi:main:1204 - Starting App...
2026-01-06 15:22:37.716 | DEBUG    | akagi.akagi:main_loop:1045 - -> {'type': 'start_game', 'id': 0}
2026-01-06 15:22:37.716 | DEBUG    | akagi.akagi:main_loop:1048 - <- {'type': 'none'}
2026-01-06 15:22:39.015 | DEBUG    | akagi.akagi:main_loop:1045 - -> {'type': 'start_kyoku', 'bakaze': 'E', 'dora_marker': '8s', 'honba': 0, 'kyoku': 1, 'kyotaku': 0, 'oya': 0, 'scores': [25000, 25000, 25000, 25000], 'tehais': [['1m', '4m', '4m', '5mr', '5m', '8m', '9m', '5p', '6p', '1s', '2s', '5s', 'E'], ['?', '?', '?', '?', '?', '?', '?', '?', '?', '?', '?', '?', '?'], ['?', '?', '?', '?', '?', '?', '?', '?', '?', '?', '?', '?', '?'], ['?', '?', '?', '?', '?', '?', '?', '?', '?', '?', '?', '?', '?']]}
2026-01-06 15:22:39.015 | DEBUG    | akagi.akagi:main_loop:1045 - -> {'type': 'tsumo', 'actor': 0, 'pai': 'S'}
2026-01-06 15:22:39.124 | DEBUG    | akagi.akagi:main_loop:1048 - <- {'type': 'dahai', 'actor': 0, 'pai': 'S', 'tsumogiri': True, 'meta': {'q_values': [-0.5136862, -8.322889, -9.114153, -6.595241, -4.5522585, -7.936266, -7.127452, -3.761138, -5.181018, -4.005292, -2.730616, 0.30888462, -9.339581], 'mask_bits': 17587528089, 'is_greedy': True, 'batch_size': 1, 'eval_time_ns': 46771917, 'shanten': 3, 'at_furiten': False}}
2026-01-06 15:22:43.265 | DEBUG    | akagi.akagi:main_loop:1045 - -> {'type': 'dahai', 'actor': 0, 'pai': 'S', 'tsumogiri': False}
2026-01-06 15:22:43.266 | DEBUG    | akagi.akagi:main_loop:1048 - <- {'type': 'none'}
2026-01-06 15:22:43.764 | DEBUG    | akagi.akagi:main_loop:1045 - -> {'type': 'tsumo', 'actor': 1, 'pai': '?'}
2026-01-06 15:22:43.764 | DEBUG    | akagi.akagi:main_loop:1048 - <- {'type': 'none'}
2026-01-06 15:22:44.864 | DEBUG    | akagi.akagi:main_loop:1045 - -> {'type': 'dahai', 'actor': 1, 'pai': 'N', 'tsumogiri': False}
2026-01-06 15:22:44.865 | DEBUG    | akagi.akagi:main_loop:1048 - <- {'type': 'none'}
2026-01-06 15:22:45.364 | DEBUG    | akagi.akagi:main_loop:1045 - -> {'type': 'tsumo', 'actor': 2, 'pai': '?'}
2026-01-06 15:22:45.365 | DEBUG    | akagi.akagi:main_loop:1048 - <- {'type': 'none'}
2026-01-06 15:22:46.813 | DEBUG    | akagi.akagi:main_loop:1045 - -> {'type': 'dahai', 'actor': 2, 'pai': 'S', 'tsumogiri': False}
2026-01-06 15:22:46.813 | DEBUG    | akagi.akagi:main_loop:1048 - <- {'type': 'none'}
2026-01-06 15:22:47.315 | DEBUG    | akagi.akagi:main_loop:1045 - -> {'type': 'tsumo', 'actor': 3, 'pai': '?'}
2026-01-06 15:22:47.315 | DEBUG    | akagi.akagi:main_loop:1048 - <- {'type': 'none'}
2026-01-06 15:22:49.014 | DEBUG    | akagi.akagi:main_loop:1045 - -> {'type': 'dahai', 'actor': 3, 'pai': 'N', 'tsumogiri': False}
2026-01-06 15:22:49.014 | DEBUG    | akagi.akagi:main_loop:1048 - <- {'type': 'none'}
2026-01-06 15:22:49.514 | DEBUG    | akagi.akagi:main_loop:1045 - -> {'type': 'tsumo', 'actor': 0, 'pai': 'P'}
2026-01-06 15:22:49.543 | DEBUG    | akagi.akagi:main_loop:1048 - <- {'type': 'dahai', 'actor': 0, 'pai': '1m', 'tsumogiri': False, 'meta': {'q_values': [0.10347414, -9.0487995, -9.978195, -6.740399, -4.141106, -8.564808, -7.993628, -3.5908098, -5.2814684, -4.2639003, -1.969718, -0.49960017, -10.329767], 'mask_bits': 19466576281, 'is_greedy': True, 'batch_size': 1, 'eval_time_ns': 22670666, 'shanten': 3, 'at_furiten': False}}
2026-01-06 15:22:54.614 | DEBUG    | akagi.akagi:main_loop:1045 - -> {'type': 'dahai', 'actor': 0, 'pai': 'P', 'tsumogiri': True}
2026-01-06 15:22:54.614 | DEBUG    | akagi.akagi:main_loop:1048 - <- {'type': 'none'}
2026-01-06 15:22:55.116 | DEBUG    | akagi.akagi:main_loop:1045 - -> {'type': 'tsumo', 'actor': 1, 'pai': '?'}
2026-01-06 15:22:55.116 | DEBUG    | akagi.akagi:main_loop:1048 - <- {'type': 'none'}
2026-01-06 15:22:56.864 | DEBUG    | akagi.akagi:main_loop:1045 - -> {'type': 'dahai', 'actor': 1, 'pai': 'S', 'tsumogiri': False}
2026-01-06 15:22:56.864 | DEBUG    | akagi.akagi:main_loop:1048 - <- {'type': 'none'}
2026-01-06 15:22:57.364 | DEBUG    | akagi.akagi:main_loop:1045 - -> {'type': 'tsumo', 'actor': 2, 'pai': '?'}
2026-01-06 15:22:57.364 | DEBUG    | akagi.akagi:main_loop:1048 - <- {'type': 'none'}
2026-01-06 15:22:58.913 | DEBUG    | akagi.akagi:main_loop:1045 - -> {'type': 'dahai', 'actor': 2, 'pai': '1p', 'tsumogiri': True}
2026-01-06 15:22:58.914 | DEBUG    | akagi.akagi:main_loop:1048 - <- {'type': 'none'}
2026-01-06 15:22:59.415 | DEBUG    | akagi.akagi:main_loop:1045 - -> {'type': 'tsumo', 'actor': 3, 'pai': '?'}
2026-01-06 15:22:59.415 | DEBUG    | akagi.akagi:main_loop:1048 - <- {'type': 'none'}
2026-01-06 15:23:03.264 | DEBUG    | akagi.akagi:main_loop:1045 - -> {'type': 'dahai', 'actor': 3, 'pai': '1m', 'tsumogiri': False}
2026-01-06 15:23:03.264 | DEBUG    | akagi.akagi:main_loop:1048 - <- {'type': 'none'}
2026-01-06 15:23:03.764 | DEBUG    | akagi.akagi:main_loop:1045 - -> {'type': 'tsumo', 'actor': 0, 'pai': '8m'}
2026-01-06 15:23:03.790 | DEBUG    | akagi.akagi:main_loop:1048 - <- {'type': 'dahai', 'actor': 0, 'pai': '1m', 'tsumogiri': False, 'meta': {'q_values': [0.23916852, -7.7478805, -9.118949, -6.1259665, -2.5856376, -7.628115, -6.9395175, -3.2252612, -4.2647614, -2.0580587, -0.85605466, -9.506455], 'mask_bits': 17319092633, 'is_greedy': True, 'batch_size': 1, 'eval_time_ns': 6752417, 'shanten': 3, 'at_furiten': False}}
2026-01-06 15:23:08.864 | DEBUG    | akagi.akagi:main_loop:1045 - -> {'type': 'dahai', 'actor': 0, 'pai': '8m', 'tsumogiri': True}
2026-01-06 15:23:08.865 | DEBUG    | akagi.akagi:main_loop:1048 - <- {'type': 'none'}
2026-01-06 15:23:10.864 | DEBUG    | akagi.akagi:main_loop:1045 - -> {'type': 'tsumo', 'actor': 1, 'pai': '?'}
2026-01-06 15:23:10.864 | DEBUG    | akagi.akagi:main_loop:1048 - <- {'type': 'none'}
2026-01-06 15:23:12.164 | DEBUG    | akagi.akagi:main_loop:1045 - -> {'type': 'dahai', 'actor': 1, 'pai': 'F', 'tsumogiri': False}
2026-01-06 15:23:12.164 | DEBUG    | akagi.akagi:main_loop:1048 - <- {'type': 'none'}
2026-01-06 15:23:12.668 | DEBUG    | akagi.akagi:main_loop:1045 - -> {'type': 'tsumo', 'actor': 2, 'pai': '?'}
2026-01-06 15:23:12.669 | DEBUG    | akagi.akagi:main_loop:1048 - <- {'type': 'none'}
2026-01-06 15:23:14.168 | DEBUG    | akagi.akagi:main_loop:1045 - -> {'type': 'dahai', 'actor': 2, 'pai': 'E', 'tsumogiri': False}
2026-01-06 15:23:14.168 | DEBUG    | akagi.akagi:main_loop:1048 - <- {'type': 'none'}
2026-01-06 15:23:14.665 | DEBUG    | akagi.akagi:main_loop:1045 - -> {'type': 'tsumo', 'actor': 3, 'pai': '?'}
2026-01-06 15:23:14.665 | DEBUG    | akagi.akagi:main_loop:1048 - <- {'type': 'none'}
2026-01-06 15:23:17.765 | DEBUG    | akagi.akagi:main_loop:1045 - -> {'type': 'dahai', 'actor': 3, 'pai': '8p', 'tsumogiri': True}
2026-01-06 15:23:17.765 | DEBUG    | akagi.akagi:main_loop:1048 - <- {'type': 'none'}
2026-01-06 15:23:18.265 | DEBUG    | akagi.akagi:main_loop:1045 - -> {'type': 'tsumo', 'actor': 0, 'pai': '7p'}
2026-01-06 15:23:18.270 | DEBUG    | akagi.akagi:main_loop:1048 - <- {'type': 'dahai', 'actor': 0, 'pai': 'E', 'tsumogiri': False, 'meta': {'q_values': [0.15222943, -6.8383336, -7.8797174, -3.6785636, -3.7349963, -7.916899, -8.343371, -8.105683, -3.3364859, -3.9801364, -2.840817, 0.15947497, -8.917066], 'mask_bits': 17319125401, 'is_greedy': True, 'batch_size': 1, 'eval_time_ns': 2021625, 'shanten': 3, 'at_furiten': False}}
2026-01-06 15:23:19.265 | DEBUG    | akagi.akagi:main_loop:1045 - -> {'type': 'dahai', 'actor': 0, 'pai': '7p', 'tsumogiri': True}
2026-01-06 15:23:19.265 | DEBUG    | akagi.akagi:main_loop:1048 - <- {'type': 'none'}
2026-01-06 15:23:19.765 | DEBUG    | akagi.akagi:main_loop:1045 - -> {'type': 'tsumo', 'actor': 1, 'pai': '?'}
2026-01-06 15:23:19.765 | DEBUG    | akagi.akagi:main_loop:1048 - <- {'type': 'none'}
2026-01-06 15:23:21.165 | DEBUG    | akagi.akagi:main_loop:1045 - -> {'type': 'dahai', 'actor': 1, 'pai': 'W', 'tsumogiri': False}
2026-01-06 15:23:21.165 | DEBUG    | akagi.akagi:main_loop:1048 - <- {'type': 'none'}
2026-01-06 15:23:21.664 | DEBUG    | akagi.akagi:main_loop:1045 - -> {'type': 'tsumo', 'actor': 2, 'pai': '?'}
2026-01-06 15:23:21.664 | DEBUG    | akagi.akagi:main_loop:1048 - <- {'type': 'none'}
2026-01-06 15:23:23.614 | DEBUG    | akagi.akagi:main_loop:1045 - -> {'type': 'dahai', 'actor': 2, 'pai': '8m', 'tsumogiri': False}
2026-01-06 15:23:23.614 | DEBUG    | akagi.akagi:main_loop:1048 - <- {'type': 'none'}
2026-01-06 15:23:25.515 | DEBUG    | akagi.akagi:main_loop:1045 - -> {'type': 'tsumo', 'actor': 3, 'pai': '?'}
2026-01-06 15:23:25.515 | DEBUG    | akagi.akagi:main_loop:1048 - <- {'type': 'none'}
2026-01-06 15:23:28.614 | DEBUG    | akagi.akagi:main_loop:1045 - -> {'type': 'dahai', 'actor': 3, 'pai': '2m', 'tsumogiri': True}
2026-01-06 15:23:28.614 | DEBUG    | akagi.akagi:main_loop:1048 - <- {'type': 'none'}
2026-01-06 15:23:29.114 | DEBUG    | akagi.akagi:main_loop:1045 - -> {'type': 'tsumo', 'actor': 0, 'pai': 'N'}
2026-01-06 15:23:29.127 | DEBUG    | akagi.akagi:main_loop:1048 - <- {'type': 'dahai', 'actor': 0, 'pai': '1m', 'tsumogiri': False, 'meta': {'q_values': [0.2339145, -5.8739038, -6.4745584, -3.911171, -4.403437, -5.047861, -4.372936, -3.7899084, -3.4921398, -1.465443, -1.0912092, -0.23473632, -6.7905574], 'mask_bits': 18392834457, 'is_greedy': True, 'batch_size': 1, 'eval_time_ns': 9386208, 'shanten': 3, 'at_furiten': False}}
2026-01-06 15:23:30.115 | DEBUG    | akagi.akagi:main_loop:1045 - -> {'type': 'dahai', 'actor': 0, 'pai': 'N', 'tsumogiri': True}
2026-01-06 15:23:30.115 | DEBUG    | akagi.akagi:main_loop:1048 - <- {'type': 'none'}
2026-01-06 15:23:30.614 | DEBUG    | akagi.akagi:main_loop:1045 - -> {'type': 'tsumo', 'actor': 1, 'pai': '?'}
2026-01-06 15:23:30.614 | DEBUG    | akagi.akagi:main_loop:1048 - <- {'type': 'none'}
2026-01-06 15:23:32.166 | DEBUG    | akagi.akagi:main_loop:1045 - -> {'type': 'dahai', 'actor': 1, 'pai': 'P', 'tsumogiri': False}
2026-01-06 15:23:32.167 | DEBUG    | akagi.akagi:main_loop:1048 - <- {'type': 'none'}
2026-01-06 15:23:32.615 | DEBUG    | akagi.akagi:main_loop:1045 - -> {'type': 'tsumo', 'actor': 2, 'pai': '?'}
2026-01-06 15:23:32.616 | DEBUG    | akagi.akagi:main_loop:1048 - <- {'type': 'none'}
2026-01-06 15:23:34.164 | DEBUG    | akagi.akagi:main_loop:1045 - -> {'type': 'dahai', 'actor': 2, 'pai': '9m', 'tsumogiri': True}
2026-01-06 15:23:34.164 | DEBUG    | akagi.akagi:main_loop:1048 - <- {'type': 'none'}
2026-01-06 15:23:34.665 | DEBUG    | akagi.akagi:main_loop:1045 - -> {'type': 'tsumo', 'actor': 3, 'pai': '?'}
2026-01-06 15:23:34.666 | DEBUG    | akagi.akagi:main_loop:1048 - <- {'type': 'none'}
2026-01-06 15:23:36.864 | DEBUG    | akagi.akagi:main_loop:1045 - -> {'type': 'dahai', 'actor': 3, 'pai': '9m', 'tsumogiri': False}
2026-01-06 15:23:36.871 | DEBUG    | akagi.akagi:main_loop:1048 - <- {'type': 'none'}
2026-01-06 15:23:37.368 | DEBUG    | akagi.akagi:main_loop:1045 - -> {'type': 'tsumo', 'actor': 0, 'pai': '8p'}
2026-01-06 15:23:37.376 | DEBUG    | akagi.akagi:main_loop:1048 - <- {'type': 'dahai', 'actor': 0, 'pai': '8p', 'tsumogiri': True, 'meta': {'q_values': [-0.09199184, -7.177484, -7.4238114, -4.747003, -4.0203066, -6.2649827, -6.8432837, 0.23706275, -3.994578, -4.43723, -1.8989363, -1.2295902, -7.894502], 'mask_bits': 17319158169, 'is_greedy': True, 'batch_size': 1, 'eval_time_ns': 3025833, 'shanten': 3, 'at_furiten': False}}
2026-01-06 15:23:38.369 | DEBUG    | akagi.akagi:main_loop:1045 - -> {'type': 'dahai', 'actor': 0, 'pai': '8p', 'tsumogiri': True}
2026-01-06 15:23:38.369 | DEBUG    | akagi.akagi:main_loop:1048 - <- {'type': 'none'}
2026-01-06 15:23:38.864 | DEBUG    | akagi.akagi:main_loop:1045 - -> {'type': 'tsumo', 'actor': 1, 'pai': '?'}
2026-01-06 15:23:38.865 | DEBUG    | akagi.akagi:main_loop:1048 - <- {'type': 'none'}
2026-01-06 15:23:41.214 | DEBUG    | akagi.akagi:main_loop:1045 - -> {'type': 'dahai', 'actor': 1, 'pai': 'P', 'tsumogiri': True}
2026-01-06 15:23:41.215 | DEBUG    | akagi.akagi:main_loop:1048 - <- {'type': 'none'}
2026-01-06 15:23:41.715 | DEBUG    | akagi.akagi:main_loop:1045 - -> {'type': 'tsumo', 'actor': 2, 'pai': '?'}
2026-01-06 15:23:41.715 | DEBUG    | akagi.akagi:main_loop:1048 - <- {'type': 'none'}
2026-01-06 15:23:43.965 | DEBUG    | akagi.akagi:main_loop:1045 - -> {'type': 'dahai', 'actor': 2, 'pai': '3s', 'tsumogiri': False}
2026-01-06 15:23:43.965 | DEBUG    | akagi.akagi:main_loop:1048 - <- {'type': 'none'}
2026-01-06 15:23:45.815 | DEBUG    | akagi.akagi:main_loop:1045 - -> {'type': 'tsumo', 'actor': 3, 'pai': '?'}
2026-01-06 15:23:45.815 | DEBUG    | akagi.akagi:main_loop:1048 - <- {'type': 'none'}
2026-01-06 15:23:47.215 | DEBUG    | akagi.akagi:main_loop:1045 - -> {'type': 'dahai', 'actor': 3, 'pai': 'E', 'tsumogiri': True}
2026-01-06 15:23:47.215 | DEBUG    | akagi.akagi:main_loop:1048 - <- {'type': 'none'}
2026-01-06 15:23:47.715 | DEBUG    | akagi.akagi:main_loop:1045 - -> {'type': 'tsumo', 'actor': 0, 'pai': '7s'}
2026-01-06 15:23:47.727 | DEBUG    | akagi.akagi:main_loop:1048 - <- {'type': 'dahai', 'actor': 0, 'pai': '1m', 'tsumogiri': False, 'meta': {'q_values': [0.12150079, -4.841456, -5.617489, -2.336593, -2.985701, -5.4562135, -4.210641, -2.223562, -1.5158637, -4.1852465, -5.207694, -0.41565293, -6.450858], 'mask_bits': 17335869849, 'is_greedy': True, 'batch_size': 1, 'eval_time_ns': 2854666, 'shanten': 3, 'at_furiten': False}}
2026-01-06 15:23:48.715 | DEBUG    | akagi.akagi:main_loop:1045 - -> {'type': 'dahai', 'actor': 0, 'pai': '7s', 'tsumogiri': True}
2026-01-06 15:23:48.716 | DEBUG    | akagi.akagi:main_loop:1048 - <- {'type': 'none'}
2026-01-06 15:23:50.565 | DEBUG    | akagi.akagi:main_loop:1045 - -> {'type': 'tsumo', 'actor': 1, 'pai': '?'}
2026-01-06 15:23:50.565 | DEBUG    | akagi.akagi:main_loop:1048 - <- {'type': 'none'}
2026-01-06 15:23:58.167 | DEBUG    | akagi.akagi:main_loop:1045 - -> {'type': 'dahai', 'actor': 1, 'pai': '1m', 'tsumogiri': False}
2026-01-06 15:23:58.168 | DEBUG    | akagi.akagi:main_loop:1048 - <- {'type': 'none'}
2026-01-06 15:23:59.865 | DEBUG    | akagi.akagi:main_loop:1045 - -> {'type': 'tsumo', 'actor': 2, 'pai': '?'}
2026-01-06 15:23:59.865 | DEBUG    | akagi.akagi:main_loop:1048 - <- {'type': 'none'}
2026-01-06 15:24:01.415 | DEBUG    | akagi.akagi:main_loop:1045 - -> {'type': 'dahai', 'actor': 2, 'pai': '9s', 'tsumogiri': False}
2026-01-06 15:24:01.417 | DEBUG    | akagi.akagi:main_loop:1048 - <- {'type': 'none'}
2026-01-06 15:24:03.248 | DEBUG    | akagi.akagi:main_loop:1045 - -> {'type': 'tsumo', 'actor': 3, 'pai': '?'}
2026-01-06 15:24:03.248 | DEBUG    | akagi.akagi:main_loop:1048 - <- {'type': 'none'}
2026-01-06 15:24:04.565 | DEBUG    | akagi.akagi:main_loop:1045 - -> {'type': 'dahai', 'actor': 3, 'pai': '2p', 'tsumogiri': True}
2026-01-06 15:24:04.565 | DEBUG    | akagi.akagi:main_loop:1048 - <- {'type': 'none'}
2026-01-06 15:24:05.065 | DEBUG    | akagi.akagi:main_loop:1045 - -> {'type': 'tsumo', 'actor': 0, 'pai': '1p'}
2026-01-06 15:24:05.078 | DEBUG    | akagi.akagi:main_loop:1048 - <- {'type': 'dahai', 'actor': 0, 'pai': '1m', 'tsumogiri': False, 'meta': {'q_values': [-0.006877959, -4.832383, -5.038533, -3.7233124, -3.3215997, -0.8071838, -5.122397, -4.9857078, -4.4327025, -3.6481133, -0.45383006, -1.0668349, -5.4740276], 'mask_bits': 17319093145, 'is_greedy': True, 'batch_size': 1, 'eval_time_ns': 11242834, 'shanten': 3, 'at_furiten': False}}
2026-01-06 15:24:06.065 | DEBUG    | akagi.akagi:main_loop:1045 - -> {'type': 'dahai', 'actor': 0, 'pai': '1p', 'tsumogiri': True}
2026-01-06 15:24:06.065 | DEBUG    | akagi.akagi:main_loop:1048 - <- {'type': 'none'}
2026-01-06 15:24:06.564 | DEBUG    | akagi.akagi:main_loop:1045 - -> {'type': 'tsumo', 'actor': 1, 'pai': '?'}
2026-01-06 15:24:06.564 | DEBUG    | akagi.akagi:main_loop:1048 - <- {'type': 'none'}
2026-01-06 15:24:10.417 | DEBUG    | akagi.akagi:main_loop:1045 - -> {'type': 'dahai', 'actor': 1, 'pai': '1s', 'tsumogiri': False}
2026-01-06 15:24:10.417 | DEBUG    | akagi.akagi:main_loop:1048 - <- {'type': 'none'}
2026-01-06 15:24:12.215 | DEBUG    | akagi.akagi:main_loop:1045 - -> {'type': 'tsumo', 'actor': 2, 'pai': '?'}
2026-01-06 15:24:12.215 | DEBUG    | akagi.akagi:main_loop:1048 - <- {'type': 'none'}
2026-01-06 15:24:13.565 | DEBUG    | akagi.akagi:main_loop:1045 - -> {'type': 'dahai', 'actor': 2, 'pai': 'E', 'tsumogiri': True}
2026-01-06 15:24:13.565 | DEBUG    | akagi.akagi:main_loop:1048 - <- {'type': 'none'}
2026-01-06 15:24:14.065 | DEBUG    | akagi.akagi:main_loop:1045 - -> {'type': 'tsumo', 'actor': 3, 'pai': '?'}
2026-01-06 15:24:14.066 | DEBUG    | akagi.akagi:main_loop:1048 - <- {'type': 'none'}
2026-01-06 15:24:16.465 | DEBUG    | akagi.akagi:main_loop:1045 - -> {'type': 'dahai', 'actor': 3, 'pai': '7m', 'tsumogiri': False}
2026-01-06 15:24:16.476 | DEBUG    | akagi.akagi:main_loop:1048 - <- {'type': 'none', 'meta': {'q_values': [-1.7218812, -0.17928883], 'mask_bits': 35459249995776, 'is_greedy': True, 'batch_size': 1, 'eval_time_ns': 7759459, 'shanten': 3, 'at_furiten': False}}
2026-01-06 15:24:17.513 | DEBUG    | akagi.akagi:main_loop:1045 - -> {'type': 'tsumo', 'actor': 0, 'pai': '5p'}
2026-01-06 15:24:17.538 | DEBUG    | akagi.akagi:main_loop:1048 - <- {'type': 'dahai', 'actor': 0, 'pai': '1m', 'tsumogiri': False, 'meta': {'q_values': [0.23667707, -4.473475, -4.9441338, -2.3100348, -2.0959187, -3.3509638, -3.2332194, -1.9556378, -2.8352978, -0.81586385, -0.041501626, -5.6746173], 'mask_bits': 17319092633, 'is_greedy': True, 'batch_size': 1, 'eval_time_ns': 9688542, 'shanten': 3, 'at_furiten': False}}
2026-01-06 15:24:18.465 | DEBUG    | akagi.akagi:main_loop:1045 - -> {'type': 'dahai', 'actor': 0, 'pai': '5p', 'tsumogiri': True}
2026-01-06 15:24:18.465 | DEBUG    | akagi.akagi:main_loop:1048 - <- {'type': 'none'}
2026-01-06 15:24:20.515 | DEBUG    | akagi.akagi:main_loop:1045 - -> {'type': 'tsumo', 'actor': 1, 'pai': '?'}
2026-01-06 15:24:20.515 | DEBUG    | akagi.akagi:main_loop:1048 - <- {'type': 'none'}
2026-01-06 15:24:22.665 | DEBUG    | akagi.akagi:main_loop:1045 - -> {'type': 'dahai', 'actor': 1, 'pai': 'C', 'tsumogiri': True}
2026-01-06 15:24:22.665 | DEBUG    | akagi.akagi:main_loop:1048 - <- {'type': 'none'}
2026-01-06 15:24:23.165 | DEBUG    | akagi.akagi:main_loop:1045 - -> {'type': 'tsumo', 'actor': 2, 'pai': '?'}
2026-01-06 15:24:23.165 | DEBUG    | akagi.akagi:main_loop:1048 - <- {'type': 'none'}
2026-01-06 15:24:24.464 | DEBUG    | akagi.akagi:main_loop:1045 - -> {'type': 'dahai', 'actor': 2, 'pai': 'C', 'tsumogiri': True}
2026-01-06 15:24:24.464 | DEBUG    | akagi.akagi:main_loop:1048 - <- {'type': 'none'}
2026-01-06 15:24:24.965 | DEBUG    | akagi.akagi:main_loop:1045 - -> {'type': 'tsumo', 'actor': 3, 'pai': '?'}
2026-01-06 15:24:24.965 | DEBUG    | akagi.akagi:main_loop:1048 - <- {'type': 'none'}
2026-01-06 15:24:27.269 | DEBUG    | akagi.akagi:main_loop:1045 - -> {'type': 'dahai', 'actor': 3, 'pai': 'F', 'tsumogiri': True}
2026-01-06 15:24:27.270 | DEBUG    | akagi.akagi:main_loop:1048 - <- {'type': 'none'}
2026-01-06 15:24:27.765 | DEBUG    | akagi.akagi:main_loop:1045 - -> {'type': 'tsumo', 'actor': 0, 'pai': '3s'}
2026-01-06 15:24:27.802 | DEBUG    | akagi.akagi:main_loop:1048 - <- {'type': 'dahai', 'actor': 0, 'pai': '1m', 'tsumogiri': False, 'meta': {'q_values': [0.6599057, -3.3365235, -3.8803027, -1.9483929, -1.7471807, -1.0371101, -3.245479, -2.871379, -4.083343, -3.8145921, -1.0052131, 0.08146474, -4.319104], 'mask_bits': 17320141209, 'is_greedy': True, 'batch_size': 1, 'eval_time_ns': 35912917, 'shanten': 3, 'at_furiten': False}}
2026-01-06 15:24:28.765 | DEBUG    | akagi.akagi:main_loop:1045 - -> {'type': 'dahai', 'actor': 0, 'pai': '3s', 'tsumogiri': True}
2026-01-06 15:24:28.766 | DEBUG    | akagi.akagi:main_loop:1048 - <- {'type': 'none'}
2026-01-06 15:24:29.265 | DEBUG    | akagi.akagi:main_loop:1045 - -> {'type': 'tsumo', 'actor': 1, 'pai': '?'}
2026-01-06 15:24:29.265 | DEBUG    | akagi.akagi:main_loop:1048 - <- {'type': 'none'}
2026-01-06 15:24:30.965 | DEBUG    | akagi.akagi:main_loop:1045 - -> {'type': 'dahai', 'actor': 1, 'pai': 'W', 'tsumogiri': True}
2026-01-06 15:24:30.967 | DEBUG    | akagi.akagi:main_loop:1048 - <- {'type': 'none'}
2026-01-06 15:24:31.465 | DEBUG    | akagi.akagi:main_loop:1045 - -> {'type': 'tsumo', 'actor': 2, 'pai': '?'}
2026-01-06 15:24:31.469 | DEBUG    | akagi.akagi:main_loop:1048 - <- {'type': 'none'}
2026-01-06 15:24:32.865 | DEBUG    | akagi.akagi:main_loop:1045 - -> {'type': 'dahai', 'actor': 2, 'pai': '9p', 'tsumogiri': False}
2026-01-06 15:24:32.865 | DEBUG    | akagi.akagi:main_loop:1048 - <- {'type': 'none'}
2026-01-06 15:24:33.365 | DEBUG    | akagi.akagi:main_loop:1045 - -> {'type': 'tsumo', 'actor': 3, 'pai': '?'}
2026-01-06 15:24:33.370 | DEBUG    | akagi.akagi:main_loop:1048 - <- {'type': 'none'}
2026-01-06 15:24:38.415 | DEBUG    | akagi.akagi:main_loop:1045 - -> {'type': 'dahai', 'actor': 3, 'pai': '6p', 'tsumogiri': False}
2026-01-06 15:24:38.416 | DEBUG    | akagi.akagi:main_loop:1048 - <- {'type': 'none'}
2026-01-06 15:24:38.926 | DEBUG    | akagi.akagi:main_loop:1045 - -> {'type': 'tsumo', 'actor': 0, 'pai': 'F'}
2026-01-06 15:24:38.929 | DEBUG    | akagi.akagi:main_loop:1048 - <- {'type': 'dahai', 'actor': 0, 'pai': '1m', 'tsumogiri': False, 'meta': {'q_values': [0.56565607, -3.4895797, -3.6011727, -2.4947884, -2.3971374, -2.5601437, -0.26223648, -0.8994273, -1.9886041, -0.596586, -0.6503812, 0.033613577, -4.143072], 'mask_bits': 21614059929, 'is_greedy': True, 'batch_size': 1, 'eval_time_ns': 1954959, 'shanten': 3, 'at_furiten': False}}
2026-01-06 15:24:39.920 | DEBUG    | akagi.akagi:main_loop:1045 - -> {'type': 'dahai', 'actor': 0, 'pai': 'F', 'tsumogiri': True}
2026-01-06 15:24:39.920 | DEBUG    | akagi.akagi:main_loop:1048 - <- {'type': 'none'}
2026-01-06 15:24:40.416 | DEBUG    | akagi.akagi:main_loop:1045 - -> {'type': 'tsumo', 'actor': 1, 'pai': '?'}
2026-01-06 15:24:40.416 | DEBUG    | akagi.akagi:main_loop:1048 - <- {'type': 'none'}
2026-01-06 15:24:42.817 | DEBUG    | akagi.akagi:main_loop:1045 - -> {'type': 'dahai', 'actor': 1, 'pai': '2p', 'tsumogiri': True}
2026-01-06 15:24:42.818 | DEBUG    | akagi.akagi:main_loop:1048 - <- {'type': 'none'}
2026-01-06 15:24:43.315 | DEBUG    | akagi.akagi:main_loop:1045 - -> {'type': 'tsumo', 'actor': 2, 'pai': '?'}
2026-01-06 15:24:43.316 | DEBUG    | akagi.akagi:main_loop:1048 - <- {'type': 'none'}
2026-01-06 15:24:47.016 | DEBUG    | akagi.akagi:main_loop:1045 - -> {'type': 'reach', 'actor': 2}
2026-01-06 15:24:47.017 | DEBUG    | akagi.akagi:main_loop:1045 - -> {'type': 'dahai', 'actor': 2, 'pai': '9p', 'tsumogiri': False}
2026-01-06 15:24:47.018 | DEBUG    | akagi.akagi:main_loop:1048 - <- {'type': 'none'}
2026-01-06 15:24:47.515 | DEBUG    | akagi.akagi:main_loop:1045 - -> {'type': 'reach_accepted', 'actor': 2}
2026-01-06 15:24:47.516 | DEBUG    | akagi.akagi:main_loop:1045 - -> {'type': 'tsumo', 'actor': 3, 'pai': '?'}
2026-01-06 15:24:47.516 | DEBUG    | akagi.akagi:main_loop:1048 - <- {'type': 'none'}
2026-01-06 15:24:50.016 | DEBUG    | akagi.akagi:main_loop:1045 - -> {'type': 'dahai', 'actor': 3, 'pai': '4m', 'tsumogiri': False}
2026-01-06 15:24:50.027 | DEBUG    | akagi.akagi:main_loop:1048 - <- {'type': 'none', 'meta': {'q_values': [-2.6326876, -0.061938465], 'mask_bits': 37383395344384, 'is_greedy': True, 'batch_size': 1, 'eval_time_ns': 8413166, 'shanten': 3, 'at_furiten': False}}
2026-01-06 15:24:51.016 | DEBUG    | akagi.akagi:main_loop:1045 - -> {'type': 'tsumo', 'actor': 0, 'pai': '6m'}
2026-01-06 15:24:51.041 | DEBUG    | akagi.akagi:main_loop:1048 - <- {'type': 'dahai', 'actor': 0, 'pai': 'E', 'tsumogiri': False, 'meta': {'q_values': [-1.355363, -0.60599864, -5.645971, -6.2326674, -0.9409348, -1.9946586, -5.1670976, -3.9761453, -3.9700418, -6.7143683, -7.0810723, 0.2114991, -5.3887095], 'mask_bits': 17319092665, 'is_greedy': True, 'batch_size': 1, 'eval_time_ns': 3850042, 'shanten': 3, 'at_furiten': False}}
2026-01-06 15:24:52.016 | DEBUG    | akagi.akagi:main_loop:1045 - -> {'type': 'dahai', 'actor': 0, 'pai': '6m', 'tsumogiri': True}
2026-01-06 15:24:52.016 | DEBUG    | akagi.akagi:main_loop:1048 - <- {'type': 'none'}
2026-01-06 15:24:54.816 | DEBUG    | akagi.akagi:main_loop:1045 - -> {'type': 'tsumo', 'actor': 1, 'pai': '?'}
2026-01-06 15:24:54.816 | DEBUG    | akagi.akagi:main_loop:1048 - <- {'type': 'none'}
2026-01-06 15:24:57.615 | DEBUG    | akagi.akagi:main_loop:1045 - -> {'type': 'dahai', 'actor': 1, 'pai': '7m', 'tsumogiri': True}
2026-01-06 15:24:57.615 | DEBUG    | akagi.akagi:main_loop:1048 - <- {'type': 'none'}
2026-01-06 15:24:58.065 | DEBUG    | akagi.akagi:main_loop:1045 - -> {'type': 'tsumo', 'actor': 2, 'pai': '?'}
2026-01-06 15:24:58.065 | DEBUG    | akagi.akagi:main_loop:1048 - <- {'type': 'none'}
2026-01-06 15:24:58.918 | DEBUG    | akagi.akagi:main_loop:1045 - -> {'type': 'dahai', 'actor': 2, 'pai': '9s', 'tsumogiri': True}
2026-01-06 15:24:58.919 | DEBUG    | akagi.akagi:main_loop:1048 - <- {'type': 'none'}
2026-01-06 15:25:00.716 | DEBUG    | akagi.akagi:main_loop:1045 - -> {'type': 'tsumo', 'actor': 3, 'pai': '?'}
2026-01-06 15:25:00.717 | DEBUG    | akagi.akagi:main_loop:1048 - <- {'type': 'none'}
2026-01-06 15:25:02.920 | DEBUG    | akagi.akagi:main_loop:1045 - -> {'type': 'dahai', 'actor': 3, 'pai': '2m', 'tsumogiri': True}
2026-01-06 15:25:02.920 | DEBUG    | akagi.akagi:main_loop:1048 - <- {'type': 'none'}
2026-01-06 15:25:03.415 | DEBUG    | akagi.akagi:main_loop:1045 - -> {'type': 'tsumo', 'actor': 0, 'pai': 'C'}
2026-01-06 15:25:03.424 | DEBUG    | akagi.akagi:main_loop:1048 - <- {'type': 'dahai', 'actor': 0, 'pai': 'C', 'tsumogiri': True, 'meta': {'q_values': [-1.3529117, -1.3840373, -5.759881, -2.1428545, -1.214072, -5.3664207, -4.793048, -4.670424, -7.468969, -7.764086, -0.5591207, -0.22431833, -5.621398], 'mask_bits': 25909027225, 'is_greedy': True, 'batch_size': 1, 'eval_time_ns': 3592167, 'shanten': 3, 'at_furiten': False}}
2026-01-06 15:25:04.415 | DEBUG    | akagi.akagi:main_loop:1045 - -> {'type': 'dahai', 'actor': 0, 'pai': 'C', 'tsumogiri': True}
2026-01-06 15:25:04.415 | DEBUG    | akagi.akagi:main_loop:1048 - <- {'type': 'none'}
2026-01-06 15:25:04.915 | DEBUG    | akagi.akagi:main_loop:1045 - -> {'type': 'tsumo', 'actor': 1, 'pai': '?'}
2026-01-06 15:25:04.915 | DEBUG    | akagi.akagi:main_loop:1048 - <- {'type': 'none'}
2026-01-06 15:25:06.966 | DEBUG    | akagi.akagi:main_loop:1045 - -> {'type': 'dahai', 'actor': 1, 'pai': 'W', 'tsumogiri': True}
2026-01-06 15:25:06.966 | DEBUG    | akagi.akagi:main_loop:1048 - <- {'type': 'none'}
2026-01-06 15:25:07.415 | DEBUG    | akagi.akagi:main_loop:1045 - -> {'type': 'tsumo', 'actor': 2, 'pai': '?'}
2026-01-06 15:25:07.416 | DEBUG    | akagi.akagi:main_loop:1048 - <- {'type': 'none'}
2026-01-06 15:25:08.214 | DEBUG    | akagi.akagi:main_loop:1045 - -> {'type': 'dahai', 'actor': 2, 'pai': '2m', 'tsumogiri': True}
2026-01-06 15:25:08.215 | DEBUG    | akagi.akagi:main_loop:1048 - <- {'type': 'none'}
2026-01-06 15:25:08.715 | DEBUG    | akagi.akagi:main_loop:1045 - -> {'type': 'tsumo', 'actor': 3, 'pai': '?'}
2026-01-06 15:25:08.715 | DEBUG    | akagi.akagi:main_loop:1048 - <- {'type': 'none'}
2026-01-06 15:25:10.565 | DEBUG    | akagi.akagi:main_loop:1045 - -> {'type': 'dahai', 'actor': 3, 'pai': '3m', 'tsumogiri': False}
2026-01-06 15:25:10.571 | DEBUG    | akagi.akagi:main_loop:1048 - <- {'type': 'none', 'meta': {'q_values': [-2.6313775, -0.22192806], 'mask_bits': 35459249995776, 'is_greedy': True, 'batch_size': 1, 'eval_time_ns': 4085374, 'shanten': 3, 'at_furiten': False}}
2026-01-06 15:25:11.565 | DEBUG    | akagi.akagi:main_loop:1045 - -> {'type': 'tsumo', 'actor': 0, 'pai': '3p'}
2026-01-06 15:25:11.570 | DEBUG    | akagi.akagi:main_loop:1048 - <- {'type': 'dahai', 'actor': 0, 'pai': 'E', 'tsumogiri': False, 'meta': {'q_values': [-0.82931113, -2.289697, -5.6110363, -2.7885392, -1.3535304, -5.2570486, -5.1285353, -5.012909, -3.8853176, -6.5943346, -7.085884, -0.2763307, -5.2255363], 'mask_bits': 17319094681, 'is_greedy': True, 'batch_size': 1, 'eval_time_ns': 1406458, 'shanten': 3, 'at_furiten': False}}
2026-01-06 15:25:12.565 | DEBUG    | akagi.akagi:main_loop:1045 - -> {'type': 'dahai', 'actor': 0, 'pai': '3p', 'tsumogiri': True}
2026-01-06 15:25:12.565 | DEBUG    | akagi.akagi:main_loop:1048 - <- {'type': 'none'}
2026-01-06 15:25:13.065 | DEBUG    | akagi.akagi:main_loop:1045 - -> {'type': 'tsumo', 'actor': 1, 'pai': '?'}
2026-01-06 15:25:13.065 | DEBUG    | akagi.akagi:main_loop:1048 - <- {'type': 'none'}
2026-01-06 15:25:15.417 | DEBUG    | akagi.akagi:main_loop:1045 - -> {'type': 'dahai', 'actor': 1, 'pai': '9s', 'tsumogiri': True}
2026-01-06 15:25:15.418 | DEBUG    | akagi.akagi:main_loop:1048 - <- {'type': 'none'}
2026-01-06 15:25:15.918 | DEBUG    | akagi.akagi:main_loop:1045 - -> {'type': 'tsumo', 'actor': 2, 'pai': '?'}
2026-01-06 15:25:15.918 | DEBUG    | akagi.akagi:main_loop:1048 - <- {'type': 'none'}
2026-01-06 15:25:16.715 | DEBUG    | akagi.akagi:main_loop:1045 - -> {'type': 'dahai', 'actor': 2, 'pai': 'C', 'tsumogiri': True}
2026-01-06 15:25:16.715 | DEBUG    | akagi.akagi:main_loop:1048 - <- {'type': 'none'}
2026-01-06 15:25:17.216 | DEBUG    | akagi.akagi:main_loop:1045 - -> {'type': 'tsumo', 'actor': 3, 'pai': '?'}
2026-01-06 15:25:17.216 | DEBUG    | akagi.akagi:main_loop:1048 - <- {'type': 'none'}
2026-01-06 15:25:19.066 | DEBUG    | akagi.akagi:main_loop:1045 - -> {'type': 'dahai', 'actor': 3, 'pai': 'P', 'tsumogiri': True}
2026-01-06 15:25:19.069 | DEBUG    | akagi.akagi:main_loop:1048 - <- {'type': 'none'}
2026-01-06 15:25:19.565 | DEBUG    | akagi.akagi:main_loop:1045 - -> {'type': 'tsumo', 'actor': 0, 'pai': '1p'}
2026-01-06 15:25:19.575 | DEBUG    | akagi.akagi:main_loop:1048 - <- {'type': 'dahai', 'actor': 0, 'pai': 'E', 'tsumogiri': False, 'meta': {'q_values': [-1.1246419, -3.0586019, -5.746265, -3.3135808, -1.3305843, -1.31545, -5.700878, -4.233937, -4.260399, -6.5122466, -6.7747073, -0.2376805, -5.504259], 'mask_bits': 17319093145, 'is_greedy': True, 'batch_size': 1, 'eval_time_ns': 6178709, 'shanten': 3, 'at_furiten': False}}
2026-01-06 15:25:20.565 | DEBUG    | akagi.akagi:main_loop:1045 - -> {'type': 'dahai', 'actor': 0, 'pai': '1p', 'tsumogiri': True}
2026-01-06 15:25:20.565 | DEBUG    | akagi.akagi:main_loop:1048 - <- {'type': 'none'}
2026-01-06 15:25:21.065 | DEBUG    | akagi.akagi:main_loop:1045 - -> {'type': 'tsumo', 'actor': 1, 'pai': '?'}
2026-01-06 15:25:21.065 | DEBUG    | akagi.akagi:main_loop:1048 - <- {'type': 'none'}
2026-01-06 15:25:24.965 | DEBUG    | akagi.akagi:main_loop:1045 - -> {'type': 'dahai', 'actor': 1, 'pai': '3s', 'tsumogiri': False}
2026-01-06 15:25:24.966 | DEBUG    | akagi.akagi:main_loop:1048 - <- {'type': 'none'}
2026-01-06 15:25:25.465 | DEBUG    | akagi.akagi:main_loop:1045 - -> {'type': 'tsumo', 'actor': 2, 'pai': '?'}
2026-01-06 15:25:25.465 | DEBUG    | akagi.akagi:main_loop:1048 - <- {'type': 'none'}
2026-01-06 15:25:26.266 | DEBUG    | akagi.akagi:main_loop:1045 - -> {'type': 'dahai', 'actor': 2, 'pai': 'S', 'tsumogiri': True}
2026-01-06 15:25:26.266 | DEBUG    | akagi.akagi:main_loop:1048 - <- {'type': 'none'}
2026-01-06 15:25:26.818 | DEBUG    | akagi.akagi:main_loop:1045 - -> {'type': 'tsumo', 'actor': 3, 'pai': '?'}
2026-01-06 15:25:26.818 | DEBUG    | akagi.akagi:main_loop:1048 - <- {'type': 'none'}
2026-01-06 15:25:28.516 | DEBUG    | akagi.akagi:main_loop:1045 - -> {'type': 'dahai', 'actor': 3, 'pai': '1p', 'tsumogiri': True}
2026-01-06 15:25:28.516 | DEBUG    | akagi.akagi:main_loop:1048 - <- {'type': 'none'}
2026-01-06 15:25:29.016 | DEBUG    | akagi.akagi:main_loop:1045 - -> {'type': 'tsumo', 'actor': 0, 'pai': '2s'}
2026-01-06 15:25:29.032 | DEBUG    | akagi.akagi:main_loop:1048 - <- {'type': 'dahai', 'actor': 0, 'pai': 'E', 'tsumogiri': False, 'meta': {'q_values': [-1.1979935, -3.2423012, -4.8679237, -1.50347, -0.38142866, -4.0438123, -3.7189622, -2.6047437, -4.603311, -5.4246044, 0.05736059, -4.8209715], 'mask_bits': 17319092633, 'is_greedy': True, 'batch_size': 1, 'eval_time_ns': 2063957, 'shanten': 3, 'at_furiten': False}}
2026-01-06 15:25:30.017 | DEBUG    | akagi.akagi:main_loop:1045 - -> {'type': 'dahai', 'actor': 0, 'pai': '2s', 'tsumogiri': True}
2026-01-06 15:25:30.017 | DEBUG    | akagi.akagi:main_loop:1048 - <- {'type': 'none'}
2026-01-06 15:25:30.515 | DEBUG    | akagi.akagi:main_loop:1045 - -> {'type': 'tsumo', 'actor': 1, 'pai': '?'}
2026-01-06 15:25:30.515 | DEBUG    | akagi.akagi:main_loop:1048 - <- {'type': 'none'}
2026-01-06 15:25:32.365 | DEBUG    | akagi.akagi:main_loop:1045 - -> {'type': 'dahai', 'actor': 1, 'pai': '9s', 'tsumogiri': True}
2026-01-06 15:25:32.365 | DEBUG    | akagi.akagi:main_loop:1048 - <- {'type': 'none'}
2026-01-06 15:25:32.916 | DEBUG    | akagi.akagi:main_loop:1045 - -> {'type': 'tsumo', 'actor': 2, 'pai': '?'}
2026-01-06 15:25:32.916 | DEBUG    | akagi.akagi:main_loop:1048 - <- {'type': 'none'}
2026-01-06 15:25:33.665 | DEBUG    | akagi.akagi:main_loop:1045 - -> {'type': 'dahai', 'actor': 2, 'pai': '6p', 'tsumogiri': True}
2026-01-06 15:25:33.665 | DEBUG    | akagi.akagi:main_loop:1048 - <- {'type': 'none'}
2026-01-06 15:25:34.167 | DEBUG    | akagi.akagi:main_loop:1045 - -> {'type': 'tsumo', 'actor': 3, 'pai': '?'}
2026-01-06 15:25:34.167 | DEBUG    | akagi.akagi:main_loop:1048 - <- {'type': 'none'}
2026-01-06 15:25:36.515 | DEBUG    | akagi.akagi:main_loop:1045 - -> {'type': 'dahai', 'actor': 3, 'pai': '9p', 'tsumogiri': True}
2026-01-06 15:25:36.515 | DEBUG    | akagi.akagi:main_loop:1048 - <- {'type': 'none'}
2026-01-06 15:25:37.015 | DEBUG    | akagi.akagi:main_loop:1045 - -> {'type': 'tsumo', 'actor': 0, 'pai': 'N'}
2026-01-06 15:25:37.022 | DEBUG    | akagi.akagi:main_loop:1048 - <- {'type': 'dahai', 'actor': 0, 'pai': '6p', 'tsumogiri': False, 'meta': {'q_values': [-1.7799044, -4.0405183, -6.774622, -5.2262545, -2.9354513, -5.8375373, 0.48938054, -3.9860601, -0.8934911, -6.1968894, -0.90747863, -0.9160312, -6.1395245], 'mask_bits': 18392834457, 'is_greedy': True, 'batch_size': 1, 'eval_time_ns': 4394209, 'shanten': 3, 'at_furiten': False}}
2026-01-06 15:25:38.015 | DEBUG    | akagi.akagi:main_loop:1045 - -> {'type': 'dahai', 'actor': 0, 'pai': 'N', 'tsumogiri': True}
2026-01-06 15:25:38.016 | DEBUG    | akagi.akagi:main_loop:1048 - <- {'type': 'none'}
2026-01-06 15:25:38.515 | DEBUG    | akagi.akagi:main_loop:1045 - -> {'type': 'tsumo', 'actor': 1, 'pai': '?'}
2026-01-06 15:25:38.515 | DEBUG    | akagi.akagi:main_loop:1048 - <- {'type': 'none'}
2026-01-06 15:25:40.716 | DEBUG    | akagi.akagi:main_loop:1045 - -> {'type': 'reach', 'actor': 1}
2026-01-06 15:25:40.720 | DEBUG    | akagi.akagi:main_loop:1045 - -> {'type': 'dahai', 'actor': 1, 'pai': '4s', 'tsumogiri': False}
2026-01-06 15:25:40.720 | DEBUG    | akagi.akagi:main_loop:1048 - <- {'type': 'none'}
2026-01-06 15:25:41.916 | DEBUG    | akagi.akagi:main_loop:1045 - -> {'type': 'end_kyoku'}
2026-01-06 15:25:41.916 | DEBUG    | akagi.akagi:main_loop:1048 - <- {'type': 'none'}
2026-01-06 15:26:11.268 | DEBUG    | akagi.akagi:main_loop:1045 - -> {'type': 'start_kyoku', 'bakaze': 'E', 'dora_marker': '2m', 'honba': 0, 'kyoku': 2, 'kyotaku': 0, 'oya': 1, 'scores': [25000, 23000, 27000, 25000], 'tehais': [['4m', '6m', '7m', '2p', '2p', '3p', '5pr', '5p', '9p', '6s', '7s', '9s', 'S'], ['?', '?', '?', '?', '?', '?', '?', '?', '?', '?', '?', '?', '?'], ['?', '?', '?', '?', '?', '?', '?', '?', '?', '?', '?', '?', '?'], ['?', '?', '?', '?', '?', '?', '?', '?', '?', '?', '?', '?', '?']]}
2026-01-06 15:26:11.269 | DEBUG    | akagi.akagi:main_loop:1048 - <- {'type': 'none'}
2026-01-06 15:26:13.970 | DEBUG    | akagi.akagi:main_loop:1045 - -> {'type': 'dahai', 'actor': 1, 'pai': 'S', 'tsumogiri': False}
2026-01-06 15:26:13.971 | DEBUG    | akagi.akagi:main_loop:1048 - <- {'type': 'none'}
2026-01-06 15:26:14.466 | DEBUG    | akagi.akagi:main_loop:1045 - -> {'type': 'tsumo', 'actor': 2, 'pai': '?'}
2026-01-06 15:26:14.467 | DEBUG    | akagi.akagi:main_loop:1048 - <- {'type': 'none'}
2026-01-06 15:26:16.016 | DEBUG    | akagi.akagi:main_loop:1045 - -> {'type': 'dahai', 'actor': 2, 'pai': 'N', 'tsumogiri': False}
2026-01-06 15:26:16.016 | DEBUG    | akagi.akagi:main_loop:1048 - <- {'type': 'none'}
2026-01-06 15:26:16.515 | DEBUG    | akagi.akagi:main_loop:1045 - -> {'type': 'tsumo', 'actor': 3, 'pai': '?'}
2026-01-06 15:26:16.515 | DEBUG    | akagi.akagi:main_loop:1048 - <- {'type': 'none'}
2026-01-06 15:26:21.065 | DEBUG    | akagi.akagi:main_loop:1045 - -> {'type': 'dahai', 'actor': 3, 'pai': 'P', 'tsumogiri': False}
2026-01-06 15:26:21.065 | DEBUG    | akagi.akagi:main_loop:1048 - <- {'type': 'none'}
2026-01-06 15:26:21.566 | DEBUG    | akagi.akagi:main_loop:1045 - -> {'type': 'tsumo', 'actor': 0, 'pai': '3p'}
2026-01-06 15:26:21.601 | DEBUG    | akagi.akagi:main_loop:1048 - <- {'type': 'dahai', 'actor': 0, 'pai': '9s', 'tsumogiri': False, 'meta': {'q_values': [-3.4457126, -6.4630337, -6.6319537, -7.398535, -7.7251987, -7.078561, -0.19642627, -5.7842226, -7.194602, -0.07450926, -0.1257025, -8.034184], 'mask_bits': 34720590952, 'is_greedy': True, 'batch_size': 1, 'eval_time_ns': 14668376, 'shanten': 4, 'at_furiten': False}}
2026-01-06 15:26:46.666 | DEBUG    | akagi.akagi:main_loop:1045 - -> {'type': 'dahai', 'actor': 0, 'pai': '3p', 'tsumogiri': True}
2026-01-06 15:26:46.667 | DEBUG    | akagi.akagi:main_loop:1048 - <- {'type': 'none'}
2026-01-06 15:26:49.465 | DEBUG    | akagi.akagi:main_loop:1045 - -> {'type': 'tsumo', 'actor': 1, 'pai': '?'}
2026-01-06 15:26:49.466 | DEBUG    | akagi.akagi:main_loop:1048 - <- {'type': 'none'}
2026-01-06 15:26:50.716 | DEBUG    | akagi.akagi:main_loop:1045 - -> {'type': 'dahai', 'actor': 1, 'pai': 'W', 'tsumogiri': False}
2026-01-06 15:26:50.716 | DEBUG    | akagi.akagi:main_loop:1048 - <- {'type': 'none'}
2026-01-06 15:26:51.216 | DEBUG    | akagi.akagi:main_loop:1045 - -> {'type': 'tsumo', 'actor': 2, 'pai': '?'}
2026-01-06 15:26:51.217 | DEBUG    | akagi.akagi:main_loop:1048 - <- {'type': 'none'}
2026-01-06 15:26:52.516 | DEBUG    | akagi.akagi:main_loop:1045 - -> {'type': 'dahai', 'actor': 2, 'pai': 'F', 'tsumogiri': False}
2026-01-06 15:26:52.517 | DEBUG    | akagi.akagi:main_loop:1048 - <- {'type': 'none'}
2026-01-06 15:26:53.016 | DEBUG    | akagi.akagi:main_loop:1045 - -> {'type': 'tsumo', 'actor': 3, 'pai': '?'}
2026-01-06 15:26:53.016 | DEBUG    | akagi.akagi:main_loop:1048 - <- {'type': 'none'}
2026-01-06 15:26:55.666 | DEBUG    | akagi.akagi:main_loop:1045 - -> {'type': 'dahai', 'actor': 3, 'pai': '8s', 'tsumogiri': True}
2026-01-06 15:26:55.669 | DEBUG    | akagi.akagi:main_loop:1048 - <- {'type': 'none', 'meta': {'q_values': [-2.7436757, -3.494913, 0.2975786], 'mask_bits': 36833639530496, 'is_greedy': True, 'batch_size': 1, 'eval_time_ns': 3041042, 'shanten': 4, 'at_furiten': False}}
2026-01-06 15:27:01.266 | DEBUG    | akagi.akagi:main_loop:1045 - -> {'type': 'tsumo', 'actor': 0, 'pai': 'E'}
2026-01-06 15:27:01.277 | DEBUG    | akagi.akagi:main_loop:1048 - <- {'type': 'dahai', 'actor': 0, 'pai': '9p', 'tsumogiri': False, 'meta': {'q_values': [-2.4557698, -4.2831826, -4.3392973, -3.558176, -2.1872828, -4.7617383, 0.3615091, -3.650737, -4.6580215, -0.3075368, -1.2736417, -0.16672012, -5.4251175], 'mask_bits': 34854808680, 'is_greedy': True, 'batch_size': 1, 'eval_time_ns': 9796750, 'shanten': 4, 'at_furiten': False}}
2026-01-06 15:27:06.361 | DEBUG    | akagi.akagi:main_loop:1045 - -> {'type': 'dahai', 'actor': 0, 'pai': 'E', 'tsumogiri': True}
2026-01-06 15:27:06.362 | DEBUG    | akagi.akagi:main_loop:1048 - <- {'type': 'none'}
2026-01-06 15:27:06.860 | DEBUG    | akagi.akagi:main_loop:1045 - -> {'type': 'tsumo', 'actor': 1, 'pai': '?'}
2026-01-06 15:27:06.861 | DEBUG    | akagi.akagi:main_loop:1048 - <- {'type': 'none'}
2026-01-06 15:27:09.508 | DEBUG    | akagi.akagi:main_loop:1045 - -> {'type': 'dahai', 'actor': 1, 'pai': 'N', 'tsumogiri': True}
2026-01-06 15:27:09.508 | DEBUG    | akagi.akagi:main_loop:1048 - <- {'type': 'none'}
2026-01-06 15:27:10.007 | DEBUG    | akagi.akagi:main_loop:1045 - -> {'type': 'tsumo', 'actor': 2, 'pai': '?'}
2026-01-06 15:27:10.007 | DEBUG    | akagi.akagi:main_loop:1048 - <- {'type': 'none'}
2026-01-06 15:27:11.606 | DEBUG    | akagi.akagi:main_loop:1045 - -> {'type': 'dahai', 'actor': 2, 'pai': 'C', 'tsumogiri': False}
2026-01-06 15:27:11.606 | DEBUG    | akagi.akagi:main_loop:1048 - <- {'type': 'none'}
2026-01-06 15:27:12.106 | DEBUG    | akagi.akagi:main_loop:1045 - -> {'type': 'tsumo', 'actor': 3, 'pai': '?'}
2026-01-06 15:27:12.106 | DEBUG    | akagi.akagi:main_loop:1048 - <- {'type': 'none'}
2026-01-06 15:27:13.705 | DEBUG    | akagi.akagi:main_loop:1045 - -> {'type': 'dahai', 'actor': 3, 'pai': '9s', 'tsumogiri': True}
2026-01-06 15:27:13.706 | DEBUG    | akagi.akagi:main_loop:1048 - <- {'type': 'none'}
2026-01-06 15:27:14.205 | DEBUG    | akagi.akagi:main_loop:1045 - -> {'type': 'tsumo', 'actor': 0, 'pai': '4p'}
2026-01-06 15:27:14.257 | DEBUG    | akagi.akagi:main_loop:1048 - <- {'type': 'dahai', 'actor': 0, 'pai': '9p', 'tsumogiri': False, 'meta': {'q_values': [-4.5248775, -6.924905, -7.0714083, -4.5557337, -5.8582416, -7.7306604, -5.1240444, 0.18212879, -6.5490146, -7.198085, -0.18664277, 0.13858593, -6.8617144], 'mask_bits': 34720595048, 'is_greedy': True, 'batch_size': 1, 'eval_time_ns': 1769250, 'shanten': 4, 'at_furiten': False}}
2026-01-06 15:27:15.204 | DEBUG    | akagi.akagi:main_loop:1045 - -> {'type': 'dahai', 'actor': 0, 'pai': '4p', 'tsumogiri': True}
2026-01-06 15:27:15.204 | DEBUG    | akagi.akagi:main_loop:1048 - <- {'type': 'none'}
2026-01-06 15:27:15.703 | DEBUG    | akagi.akagi:main_loop:1045 - -> {'type': 'tsumo', 'actor': 1, 'pai': '?'}
2026-01-06 15:27:15.704 | DEBUG    | akagi.akagi:main_loop:1048 - <- {'type': 'none'}
2026-01-06 15:27:17.853 | DEBUG    | akagi.akagi:main_loop:1045 - -> {'type': 'dahai', 'actor': 1, 'pai': '1s', 'tsumogiri': False}
2026-01-06 15:27:17.853 | DEBUG    | akagi.akagi:main_loop:1048 - <- {'type': 'none'}
2026-01-06 15:27:19.752 | DEBUG    | akagi.akagi:main_loop:1045 - -> {'type': 'tsumo', 'actor': 2, 'pai': '?'}
2026-01-06 15:27:19.752 | DEBUG    | akagi.akagi:main_loop:1048 - <- {'type': 'none'}
2026-01-06 15:27:21.750 | DEBUG    | akagi.akagi:main_loop:1045 - -> {'type': 'dahai', 'actor': 2, 'pai': '8s', 'tsumogiri': False}
2026-01-06 15:27:21.750 | DEBUG    | akagi.akagi:main_loop:1048 - <- {'type': 'none'}
2026-01-06 15:27:22.251 | DEBUG    | akagi.akagi:main_loop:1045 - -> {'type': 'tsumo', 'actor': 3, 'pai': '?'}
2026-01-06 15:27:22.251 | DEBUG    | akagi.akagi:main_loop:1048 - <- {'type': 'none'}
2026-01-06 15:27:23.956 | DEBUG    | akagi.akagi:main_loop:1045 - -> {'type': 'dahai', 'actor': 3, 'pai': '2s', 'tsumogiri': True}
2026-01-06 15:27:23.957 | DEBUG    | akagi.akagi:main_loop:1048 - <- {'type': 'none'}
2026-01-06 15:27:24.451 | DEBUG    | akagi.akagi:main_loop:1045 - -> {'type': 'tsumo', 'actor': 0, 'pai': '4m'}
2026-01-06 15:27:24.474 | DEBUG    | akagi.akagi:main_loop:1048 - <- {'type': 'dahai', 'actor': 0, 'pai': '9p', 'tsumogiri': False, 'meta': {'q_values': [-4.7330184, -4.875484, -5.4177628, -2.6498497, -1.963945, -4.3217964, 0.65540254, -4.769032, -5.655699, 0.32759508, -0.91972363, -4.8646374], 'mask_bits': 34720590952, 'is_greedy': True, 'batch_size': 1, 'eval_time_ns': 6922583, 'shanten': 4, 'at_furiten': False}}
2026-01-06 15:27:25.450 | DEBUG    | akagi.akagi:main_loop:1045 - -> {'type': 'dahai', 'actor': 0, 'pai': '4m', 'tsumogiri': True}
2026-01-06 15:27:25.450 | DEBUG    | akagi.akagi:main_loop:1048 - <- {'type': 'none'}
2026-01-06 15:27:25.950 | DEBUG    | akagi.akagi:main_loop:1045 - -> {'type': 'tsumo', 'actor': 1, 'pai': '?'}
2026-01-06 15:27:25.950 | DEBUG    | akagi.akagi:main_loop:1048 - <- {'type': 'none'}
2026-01-06 15:27:30.149 | DEBUG    | akagi.akagi:main_loop:1045 - -> {'type': 'dahai', 'actor': 1, 'pai': '8p', 'tsumogiri': False}
2026-01-06 15:27:30.149 | DEBUG    | akagi.akagi:main_loop:1048 - <- {'type': 'none'}
2026-01-06 15:27:30.649 | DEBUG    | akagi.akagi:main_loop:1045 - -> {'type': 'tsumo', 'actor': 2, 'pai': '?'}
2026-01-06 15:27:30.649 | DEBUG    | akagi.akagi:main_loop:1048 - <- {'type': 'none'}
2026-01-06 15:27:33.000 | DEBUG    | akagi.akagi:main_loop:1045 - -> {'type': 'dahai', 'actor': 2, 'pai': '7p', 'tsumogiri': False}
2026-01-06 15:27:33.000 | DEBUG    | akagi.akagi:main_loop:1048 - <- {'type': 'none'}
2026-01-06 15:27:35.447 | DEBUG    | akagi.akagi:main_loop:1045 - -> {'type': 'tsumo', 'actor': 3, 'pai': '?'}
2026-01-06 15:27:35.447 | DEBUG    | akagi.akagi:main_loop:1048 - <- {'type': 'none'}
2026-01-06 15:27:36.797 | DEBUG    | akagi.akagi:main_loop:1045 - -> {'type': 'dahai', 'actor': 3, 'pai': '1s', 'tsumogiri': False}
2026-01-06 15:27:36.797 | DEBUG    | akagi.akagi:main_loop:1048 - <- {'type': 'none'}
2026-01-06 15:27:37.597 | DEBUG    | akagi.akagi:main_loop:1045 - -> {'type': 'tsumo', 'actor': 0, 'pai': '6p'}
2026-01-06 15:27:37.604 | DEBUG    | akagi.akagi:main_loop:1048 - <- {'type': 'dahai', 'actor': 0, 'pai': '9p', 'tsumogiri': False, 'meta': {'q_values': [-0.15443975, -4.2978444, -4.7972226, -3.283811, -2.1225793, -2.6454396, -2.933173, -0.07426602, -4.3810945, -5.6798944, -1.2327018, -1.679487, -3.4685714], 'mask_bits': 34720607336, 'is_greedy': True, 'batch_size': 1, 'eval_time_ns': 2943375, 'shanten': 4, 'at_furiten': False}}
2026-01-06 15:27:40.247 | DEBUG    | akagi.akagi:main_loop:1045 - -> {'type': 'dahai', 'actor': 0, 'pai': 'S', 'tsumogiri': False}
2026-01-06 15:27:40.248 | DEBUG    | akagi.akagi:main_loop:1048 - <- {'type': 'none'}
2026-01-06 15:27:40.746 | DEBUG    | akagi.akagi:main_loop:1045 - -> {'type': 'tsumo', 'actor': 1, 'pai': '?'}
2026-01-06 15:27:40.747 | DEBUG    | akagi.akagi:main_loop:1048 - <- {'type': 'none'}
2026-01-06 15:27:48.596 | DEBUG    | akagi.akagi:main_loop:1045 - -> {'type': 'dahai', 'actor': 1, 'pai': '2p', 'tsumogiri': False}
2026-01-06 15:27:48.601 | DEBUG    | akagi.akagi:main_loop:1048 - <- {'type': 'none', 'meta': {'q_values': [-2.2625372, 0.064145625], 'mask_bits': 37383395344384, 'is_greedy': True, 'batch_size': 1, 'eval_time_ns': 1915875, 'shanten': 3, 'at_furiten': False}}
2026-01-06 15:27:54.197 | DEBUG    | akagi.akagi:main_loop:1045 - -> {'type': 'tsumo', 'actor': 2, 'pai': '?'}
2026-01-06 15:27:54.197 | DEBUG    | akagi.akagi:main_loop:1048 - <- {'type': 'none'}
2026-01-06 15:27:55.646 | DEBUG    | akagi.akagi:main_loop:1045 - -> {'type': 'dahai', 'actor': 2, 'pai': '9s', 'tsumogiri': True}
2026-01-06 15:27:55.646 | DEBUG    | akagi.akagi:main_loop:1048 - <- {'type': 'none'}
2026-01-06 15:27:56.145 | DEBUG    | akagi.akagi:main_loop:1045 - -> {'type': 'tsumo', 'actor': 3, 'pai': '?'}
2026-01-06 15:27:56.145 | DEBUG    | akagi.akagi:main_loop:1048 - <- {'type': 'none'}
2026-01-06 15:27:57.846 | DEBUG    | akagi.akagi:main_loop:1045 - -> {'type': 'dahai', 'actor': 3, 'pai': '6s', 'tsumogiri': True}
2026-01-06 15:27:57.846 | DEBUG    | akagi.akagi:main_loop:1048 - <- {'type': 'none'}
2026-01-06 15:27:58.345 | DEBUG    | akagi.akagi:main_loop:1045 - -> {'type': 'tsumo', 'actor': 0, 'pai': 'W'}
2026-01-06 15:27:58.351 | DEBUG    | akagi.akagi:main_loop:1048 - <- {'type': 'dahai', 'actor': 0, 'pai': '9p', 'tsumogiri': False, 'meta': {'q_values': [0.33612603, -5.6899166, -5.6344776, -2.8393004, -3.7952332, -3.8885798, -4.466964, 0.38433093, -4.1042185, -6.2487707, -0.54887277, -1.0764639, -5.0889034], 'mask_bits': 34989042792, 'is_greedy': True, 'batch_size': 1, 'eval_time_ns': 2277501, 'shanten': 3, 'at_furiten': False}}
2026-01-06 15:28:03.446 | DEBUG    | akagi.akagi:main_loop:1045 - -> {'type': 'dahai', 'actor': 0, 'pai': 'W', 'tsumogiri': True}
2026-01-06 15:28:03.447 | DEBUG    | akagi.akagi:main_loop:1048 - <- {'type': 'none'}
2026-01-06 15:28:03.946 | DEBUG    | akagi.akagi:main_loop:1045 - -> {'type': 'tsumo', 'actor': 1, 'pai': '?'}
2026-01-06 15:28:03.946 | DEBUG    | akagi.akagi:main_loop:1048 - <- {'type': 'none'}
2026-01-06 15:28:06.346 | DEBUG    | akagi.akagi:main_loop:1045 - -> {'type': 'dahai', 'actor': 1, 'pai': 'F', 'tsumogiri': True}
2026-01-06 15:28:06.346 | DEBUG    | akagi.akagi:main_loop:1048 - <- {'type': 'none'}
2026-01-06 15:28:06.846 | DEBUG    | akagi.akagi:main_loop:1045 - -> {'type': 'tsumo', 'actor': 2, 'pai': '?'}
2026-01-06 15:28:06.846 | DEBUG    | akagi.akagi:main_loop:1048 - <- {'type': 'none'}
2026-01-06 15:28:08.445 | DEBUG    | akagi.akagi:main_loop:1045 - -> {'type': 'dahai', 'actor': 2, 'pai': 'N', 'tsumogiri': True}
2026-01-06 15:28:08.446 | DEBUG    | akagi.akagi:main_loop:1048 - <- {'type': 'none'}
2026-01-06 15:28:08.946 | DEBUG    | akagi.akagi:main_loop:1045 - -> {'type': 'tsumo', 'actor': 3, 'pai': '?'}
2026-01-06 15:28:08.946 | DEBUG    | akagi.akagi:main_loop:1048 - <- {'type': 'none'}
2026-01-06 15:28:11.748 | DEBUG    | akagi.akagi:main_loop:1045 - -> {'type': 'dahai', 'actor': 3, 'pai': '1s', 'tsumogiri': False}
2026-01-06 15:28:11.749 | DEBUG    | akagi.akagi:main_loop:1048 - <- {'type': 'none'}
2026-01-06 15:28:12.245 | DEBUG    | akagi.akagi:main_loop:1045 - -> {'type': 'tsumo', 'actor': 0, 'pai': '8m'}
2026-01-06 15:28:12.252 | DEBUG    | akagi.akagi:main_loop:1048 - <- {'type': 'dahai', 'actor': 0, 'pai': '9p', 'tsumogiri': False, 'meta': {'q_values': [-0.5417458, -6.307739, -6.7073383, -6.3720627, -2.9364743, -3.129383, -3.5272818, -4.674849, 0.31855166, -4.699235, -6.354759, -0.71282685, -5.1293263], 'mask_bits': 34452172008, 'is_greedy': True, 'batch_size': 1, 'eval_time_ns': 5435958, 'shanten': 3, 'at_furiten': False}}
2026-01-06 15:28:17.345 | DEBUG    | akagi.akagi:main_loop:1045 - -> {'type': 'dahai', 'actor': 0, 'pai': '8m', 'tsumogiri': True}
2026-01-06 15:28:17.345 | DEBUG    | akagi.akagi:main_loop:1048 - <- {'type': 'none'}
2026-01-06 15:28:19.396 | DEBUG    | akagi.akagi:main_loop:1045 - -> {'type': 'tsumo', 'actor': 1, 'pai': '?'}
2026-01-06 15:28:19.397 | DEBUG    | akagi.akagi:main_loop:1048 - <- {'type': 'none'}
2026-01-06 15:28:22.396 | DEBUG    | akagi.akagi:main_loop:1045 - -> {'type': 'dahai', 'actor': 1, 'pai': '9s', 'tsumogiri': True}
2026-01-06 15:28:22.396 | DEBUG    | akagi.akagi:main_loop:1048 - <- {'type': 'none'}
2026-01-06 15:28:22.797 | DEBUG    | akagi.akagi:main_loop:1045 - -> {'type': 'tsumo', 'actor': 2, 'pai': '?'}
2026-01-06 15:28:22.797 | DEBUG    | akagi.akagi:main_loop:1048 - <- {'type': 'none'}
2026-01-06 15:28:25.096 | DEBUG    | akagi.akagi:main_loop:1045 - -> {'type': 'dahai', 'actor': 2, 'pai': '6m', 'tsumogiri': False}
2026-01-06 15:28:25.096 | DEBUG    | akagi.akagi:main_loop:1048 - <- {'type': 'none'}
2026-01-06 15:28:25.596 | DEBUG    | akagi.akagi:main_loop:1045 - -> {'type': 'tsumo', 'actor': 3, 'pai': '?'}
2026-01-06 15:28:25.596 | DEBUG    | akagi.akagi:main_loop:1048 - <- {'type': 'none'}
2026-01-06 15:28:28.095 | DEBUG    | akagi.akagi:main_loop:1045 - -> {'type': 'dahai', 'actor': 3, 'pai': '9p', 'tsumogiri': False}
2026-01-06 15:28:28.095 | DEBUG    | akagi.akagi:main_loop:1048 - <- {'type': 'none'}
2026-01-06 15:28:28.595 | DEBUG    | akagi.akagi:main_loop:1045 - -> {'type': 'tsumo', 'actor': 0, 'pai': '8s'}
2026-01-06 15:28:28.601 | DEBUG    | akagi.akagi:main_loop:1048 - <- {'type': 'dahai', 'actor': 0, 'pai': '9p', 'tsumogiri': False, 'meta': {'q_values': [-0.25025988, -3.0071695, -3.2832255, -2.5965066, -3.0107508, -3.2677119, -4.405038, 0.6754589, -4.047758, -6.2057047, -4.1161737, -2.0306349, -4.7828226], 'mask_bits': 34485726312, 'is_greedy': True, 'batch_size': 1, 'eval_time_ns': 4324709, 'shanten': 3, 'at_furiten': False}}
2026-01-06 15:28:29.595 | DEBUG    | akagi.akagi:main_loop:1045 - -> {'type': 'dahai', 'actor': 0, 'pai': '8s', 'tsumogiri': True}
2026-01-06 15:28:29.595 | DEBUG    | akagi.akagi:main_loop:1048 - <- {'type': 'none'}
2026-01-06 15:28:32.246 | DEBUG    | akagi.akagi:main_loop:1045 - -> {'type': 'tsumo', 'actor': 1, 'pai': '?'}
2026-01-06 15:28:32.246 | DEBUG    | akagi.akagi:main_loop:1048 - <- {'type': 'none'}
2026-01-06 15:28:34.995 | DEBUG    | akagi.akagi:main_loop:1045 - -> {'type': 'dahai', 'actor': 1, 'pai': '4p', 'tsumogiri': False}
2026-01-06 15:28:34.996 | DEBUG    | akagi.akagi:main_loop:1048 - <- {'type': 'none'}
2026-01-06 15:28:35.496 | DEBUG    | akagi.akagi:main_loop:1045 - -> {'type': 'tsumo', 'actor': 2, 'pai': '?'}
2026-01-06 15:28:35.496 | DEBUG    | akagi.akagi:main_loop:1048 - <- {'type': 'none'}
2026-01-06 15:28:36.846 | DEBUG    | akagi.akagi:main_loop:1045 - -> {'type': 'dahai', 'actor': 2, 'pai': '7s', 'tsumogiri': True}
2026-01-06 15:28:36.846 | DEBUG    | akagi.akagi:main_loop:1048 - <- {'type': 'none'}
2026-01-06 15:28:37.346 | DEBUG    | akagi.akagi:main_loop:1045 - -> {'type': 'tsumo', 'actor': 3, 'pai': '?'}
2026-01-06 15:28:37.347 | DEBUG    | akagi.akagi:main_loop:1048 - <- {'type': 'none'}
2026-01-06 15:28:39.045 | DEBUG    | akagi.akagi:main_loop:1045 - -> {'type': 'dahai', 'actor': 3, 'pai': '1p', 'tsumogiri': True}
2026-01-06 15:28:39.063 | DEBUG    | akagi.akagi:main_loop:1048 - <- {'type': 'none', 'meta': {'q_values': [-3.264866, 0.015531957], 'mask_bits': 35459249995776, 'is_greedy': True, 'batch_size': 1, 'eval_time_ns': 7276082, 'shanten': 3, 'at_furiten': False}}
2026-01-06 15:28:40.796 | DEBUG    | akagi.akagi:main_loop:1045 - -> {'type': 'tsumo', 'actor': 0, 'pai': '8p'}
2026-01-06 15:28:40.820 | DEBUG    | akagi.akagi:main_loop:1048 - <- {'type': 'dahai', 'actor': 0, 'pai': '9s', 'tsumogiri': False, 'meta': {'q_values': [-0.27824414, -2.9194899, -3.520575, -1.9040662, -1.9560695, -2.6880074, -3.014874, -2.6615918, -0.28494966, -3.3012667, -2.9432893, 0.4534403, -3.5958905], 'mask_bits': 34452237416, 'is_greedy': True, 'batch_size': 1, 'eval_time_ns': 2873834, 'shanten': 3, 'at_furiten': False}}
2026-01-06 15:28:41.796 | DEBUG    | akagi.akagi:main_loop:1045 - -> {'type': 'dahai', 'actor': 0, 'pai': '8p', 'tsumogiri': True}
2026-01-06 15:28:41.796 | DEBUG    | akagi.akagi:main_loop:1048 - <- {'type': 'none'}
2026-01-06 15:28:42.295 | DEBUG    | akagi.akagi:main_loop:1045 - -> {'type': 'tsumo', 'actor': 1, 'pai': '?'}
2026-01-06 15:28:42.296 | DEBUG    | akagi.akagi:main_loop:1048 - <- {'type': 'none'}
2026-01-06 15:28:44.346 | DEBUG    | akagi.akagi:main_loop:1045 - -> {'type': 'dahai', 'actor': 1, 'pai': 'E', 'tsumogiri': True}
2026-01-06 15:28:44.346 | DEBUG    | akagi.akagi:main_loop:1048 - <- {'type': 'none'}
2026-01-06 15:28:44.846 | DEBUG    | akagi.akagi:main_loop:1045 - -> {'type': 'tsumo', 'actor': 2, 'pai': '?'}
2026-01-06 15:28:44.846 | DEBUG    | akagi.akagi:main_loop:1048 - <- {'type': 'none'}
2026-01-06 15:28:46.145 | DEBUG    | akagi.akagi:main_loop:1045 - -> {'type': 'dahai', 'actor': 2, 'pai': '9m', 'tsumogiri': True}
2026-01-06 15:28:46.146 | DEBUG    | akagi.akagi:main_loop:1048 - <- {'type': 'none'}
2026-01-06 15:28:46.646 | DEBUG    | akagi.akagi:main_loop:1045 - -> {'type': 'tsumo', 'actor': 3, 'pai': '?'}
2026-01-06 15:28:46.647 | DEBUG    | akagi.akagi:main_loop:1048 - <- {'type': 'none'}
2026-01-06 15:28:48.545 | DEBUG    | akagi.akagi:main_loop:1045 - -> {'type': 'dahai', 'actor': 3, 'pai': '7p', 'tsumogiri': True}
2026-01-06 15:28:48.553 | DEBUG    | akagi.akagi:main_loop:1048 - <- {'type': 'none', 'meta': {'q_values': [-1.6565261, -0.040028304], 'mask_bits': 36283883716608, 'is_greedy': True, 'batch_size': 1, 'eval_time_ns': 2838958, 'shanten': 3, 'at_furiten': False}}
2026-01-06 15:28:49.546 | DEBUG    | akagi.akagi:main_loop:1045 - -> {'type': 'tsumo', 'actor': 0, 'pai': '7p'}
2026-01-06 15:28:49.555 | DEBUG    | akagi.akagi:main_loop:1048 - <- {'type': 'dahai', 'actor': 0, 'pai': '9p', 'tsumogiri': False, 'meta': {'q_values': [-1.0886948, -2.7245212, -3.9229722, -2.0277765, -2.3179116, -2.7491143, -3.2685173, -1.1889105, 0.51475745, -3.1595252, -2.9726372, 0.1045962, -3.918193], 'mask_bits': 34452204648, 'is_greedy': True, 'batch_size': 1, 'eval_time_ns': 6807834, 'shanten': 3, 'at_furiten': False}}
2026-01-06 15:28:50.546 | DEBUG    | akagi.akagi:main_loop:1045 - -> {'type': 'dahai', 'actor': 0, 'pai': '7p', 'tsumogiri': True}
2026-01-06 15:28:50.546 | DEBUG    | akagi.akagi:main_loop:1048 - <- {'type': 'none'}
2026-01-06 15:28:51.045 | DEBUG    | akagi.akagi:main_loop:1045 - -> {'type': 'tsumo', 'actor': 1, 'pai': '?'}
2026-01-06 15:28:51.045 | DEBUG    | akagi.akagi:main_loop:1048 - <- {'type': 'none'}
2026-01-06 15:28:55.346 | DEBUG    | akagi.akagi:main_loop:1045 - -> {'type': 'reach', 'actor': 1}
2026-01-06 15:28:55.346 | DEBUG    | akagi.akagi:main_loop:1045 - -> {'type': 'dahai', 'actor': 1, 'pai': '4m', 'tsumogiri': False}
2026-01-06 15:28:55.346 | DEBUG    | akagi.akagi:main_loop:1048 - <- {'type': 'none'}
2026-01-06 15:28:57.446 | DEBUG    | akagi.akagi:main_loop:1045 - -> {'type': 'reach_accepted', 'actor': 1}
2026-01-06 15:28:57.446 | DEBUG    | akagi.akagi:main_loop:1045 - -> {'type': 'tsumo', 'actor': 2, 'pai': '?'}
2026-01-06 15:28:57.446 | DEBUG    | akagi.akagi:main_loop:1048 - <- {'type': 'none'}
2026-01-06 15:28:59.247 | DEBUG    | akagi.akagi:main_loop:1045 - -> {'type': 'dahai', 'actor': 2, 'pai': '4p', 'tsumogiri': True}
2026-01-06 15:28:59.254 | DEBUG    | akagi.akagi:main_loop:1048 - <- {'type': 'none'}
2026-01-06 15:29:00.995 | DEBUG    | akagi.akagi:main_loop:1045 - -> {'type': 'tsumo', 'actor': 3, 'pai': '?'}
2026-01-06 15:29:00.995 | DEBUG    | akagi.akagi:main_loop:1048 - <- {'type': 'none'}
2026-01-06 15:29:03.446 | DEBUG    | akagi.akagi:main_loop:1045 - -> {'type': 'dahai', 'actor': 3, 'pai': '3p', 'tsumogiri': False}
2026-01-06 15:29:03.446 | DEBUG    | akagi.akagi:main_loop:1048 - <- {'type': 'none'}
2026-01-06 15:29:03.946 | DEBUG    | akagi.akagi:main_loop:1045 - -> {'type': 'tsumo', 'actor': 0, 'pai': 'C'}
2026-01-06 15:29:03.950 | DEBUG    | akagi.akagi:main_loop:1048 - <- {'type': 'dahai', 'actor': 0, 'pai': '4m', 'tsumogiri': False, 'meta': {'q_values': [0.24493882, -4.4488745, -4.611634, -0.55809665, -0.3519173, -4.18922, -4.7957697, -2.2296176, -5.260097, -4.238713, -0.57351947, -1.9136379, -4.123916], 'mask_bits': 43042106472, 'is_greedy': True, 'batch_size': 1, 'eval_time_ns': 2086208, 'shanten': 3, 'at_furiten': False}}
2026-01-06 15:29:09.051 | DEBUG    | akagi.akagi:main_loop:1045 - -> {'type': 'dahai', 'actor': 0, 'pai': 'C', 'tsumogiri': True}
2026-01-06 15:29:09.051 | DEBUG    | akagi.akagi:main_loop:1048 - <- {'type': 'none'}
2026-01-06 15:29:09.545 | DEBUG    | akagi.akagi:main_loop:1045 - -> {'type': 'tsumo', 'actor': 1, 'pai': '?'}
2026-01-06 15:29:09.546 | DEBUG    | akagi.akagi:main_loop:1048 - <- {'type': 'none'}
2026-01-06 15:29:10.345 | DEBUG    | akagi.akagi:main_loop:1045 - -> {'type': 'dahai', 'actor': 1, 'pai': 'N', 'tsumogiri': True}
2026-01-06 15:29:10.346 | DEBUG    | akagi.akagi:main_loop:1048 - <- {'type': 'none'}
2026-01-06 15:29:10.846 | DEBUG    | akagi.akagi:main_loop:1045 - -> {'type': 'tsumo', 'actor': 2, 'pai': '?'}
2026-01-06 15:29:10.846 | DEBUG    | akagi.akagi:main_loop:1048 - <- {'type': 'none'}
2026-01-06 15:29:13.445 | DEBUG    | akagi.akagi:main_loop:1045 - -> {'type': 'dahai', 'actor': 2, 'pai': '4p', 'tsumogiri': False}
2026-01-06 15:29:13.446 | DEBUG    | akagi.akagi:main_loop:1048 - <- {'type': 'none'}
2026-01-06 15:29:15.227 | DEBUG    | akagi.akagi:main_loop:1045 - -> {'type': 'tsumo', 'actor': 3, 'pai': '?'}
2026-01-06 15:29:15.228 | DEBUG    | akagi.akagi:main_loop:1048 - <- {'type': 'none'}
2026-01-06 15:29:17.845 | DEBUG    | akagi.akagi:main_loop:1045 - -> {'type': 'dahai', 'actor': 3, 'pai': '9m', 'tsumogiri': True}
2026-01-06 15:29:17.846 | DEBUG    | akagi.akagi:main_loop:1048 - <- {'type': 'none'}
2026-01-06 15:29:18.346 | DEBUG    | akagi.akagi:main_loop:1045 - -> {'type': 'tsumo', 'actor': 0, 'pai': '5p'}
2026-01-06 15:29:18.378 | DEBUG    | akagi.akagi:main_loop:1048 - <- {'type': 'dahai', 'actor': 0, 'pai': '4m', 'tsumogiri': False, 'meta': {'q_values': [0.14983875, -4.5581436, -4.7728906, -0.6422004, -1.1890442, -4.7248945, -5.248307, -2.3971329, -5.2790976, -4.8332005, -0.3900649, -4.959152], 'mask_bits': 34452171880, 'is_greedy': True, 'batch_size': 1, 'eval_time_ns': 1841833, 'shanten': 3, 'at_furiten': False}}
2026-01-06 15:29:22.346 | DEBUG    | akagi.akagi:main_loop:1045 - -> {'type': 'dahai', 'actor': 0, 'pai': '4m', 'tsumogiri': False}
2026-01-06 15:29:22.347 | DEBUG    | akagi.akagi:main_loop:1048 - <- {'type': 'none'}
2026-01-06 15:29:22.846 | DEBUG    | akagi.akagi:main_loop:1045 - -> {'type': 'tsumo', 'actor': 1, 'pai': '?'}
2026-01-06 15:29:22.846 | DEBUG    | akagi.akagi:main_loop:1048 - <- {'type': 'none'}
2026-01-06 15:29:23.646 | DEBUG    | akagi.akagi:main_loop:1045 - -> {'type': 'dahai', 'actor': 1, 'pai': '1m', 'tsumogiri': True}
2026-01-06 15:29:23.646 | DEBUG    | akagi.akagi:main_loop:1048 - <- {'type': 'none'}
2026-01-06 15:29:24.146 | DEBUG    | akagi.akagi:main_loop:1045 - -> {'type': 'tsumo', 'actor': 2, 'pai': '?'}
2026-01-06 15:29:24.146 | DEBUG    | akagi.akagi:main_loop:1048 - <- {'type': 'none'}
2026-01-06 15:29:26.695 | DEBUG    | akagi.akagi:main_loop:1045 - -> {'type': 'dahai', 'actor': 2, 'pai': '3p', 'tsumogiri': False}
2026-01-06 15:29:26.696 | DEBUG    | akagi.akagi:main_loop:1048 - <- {'type': 'none'}
2026-01-06 15:29:27.245 | DEBUG    | akagi.akagi:main_loop:1045 - -> {'type': 'tsumo', 'actor': 3, 'pai': '?'}
2026-01-06 15:29:27.245 | DEBUG    | akagi.akagi:main_loop:1048 - <- {'type': 'none'}
2026-01-06 15:29:30.495 | DEBUG    | akagi.akagi:main_loop:1045 - -> {'type': 'dahai', 'actor': 3, 'pai': 'S', 'tsumogiri': True}
2026-01-06 15:29:30.495 | DEBUG    | akagi.akagi:main_loop:1048 - <- {'type': 'none'}
2026-01-06 15:29:30.996 | DEBUG    | akagi.akagi:main_loop:1045 - -> {'type': 'tsumo', 'actor': 0, 'pai': '3s'}
2026-01-06 15:29:31.019 | DEBUG    | akagi.akagi:main_loop:1048 - <- {'type': 'dahai', 'actor': 0, 'pai': '3p', 'tsumogiri': False, 'meta': {'q_values': [-4.938635, -4.750901, -1.7191284, 0.69665056, -4.5247154, -5.410714, -3.2238238, -5.576573, -5.8599834, -5.3628, -0.66098684, -4.764075], 'mask_bits': 34453220448, 'is_greedy': True, 'batch_size': 1, 'eval_time_ns': 1830917, 'shanten': 3, 'at_furiten': False}}
2026-01-06 15:29:35.946 | DEBUG    | akagi.akagi:main_loop:1045 - -> {'type': 'dahai', 'actor': 0, 'pai': '3s', 'tsumogiri': True}
2026-01-06 15:29:35.946 | DEBUG    | akagi.akagi:main_loop:1048 - <- {'type': 'none'}
2026-01-06 15:29:37.646 | DEBUG    | akagi.akagi:main_loop:1045 - -> {'type': 'pon', 'actor': 2, 'target': 0, 'pai': '3s', 'consumed': ['3s', '3s']}
2026-01-06 15:29:37.647 | DEBUG    | akagi.akagi:main_loop:1048 - <- {'type': 'none'}
2026-01-06 15:29:39.995 | DEBUG    | akagi.akagi:main_loop:1045 - -> {'type': 'dahai', 'actor': 2, 'pai': '2s', 'tsumogiri': False}
2026-01-06 15:29:39.996 | DEBUG    | akagi.akagi:main_loop:1048 - <- {'type': 'none'}
2026-01-06 15:29:40.495 | DEBUG    | akagi.akagi:main_loop:1045 - -> {'type': 'tsumo', 'actor': 3, 'pai': '?'}
2026-01-06 15:29:40.496 | DEBUG    | akagi.akagi:main_loop:1048 - <- {'type': 'none'}
2026-01-06 15:29:42.795 | DEBUG    | akagi.akagi:main_loop:1045 - -> {'type': 'dahai', 'actor': 3, 'pai': 'W', 'tsumogiri': False}
2026-01-06 15:29:42.796 | DEBUG    | akagi.akagi:main_loop:1048 - <- {'type': 'none'}
2026-01-06 15:29:43.295 | DEBUG    | akagi.akagi:main_loop:1045 - -> {'type': 'tsumo', 'actor': 0, 'pai': '2s'}
2026-01-06 15:29:43.318 | DEBUG    | akagi.akagi:main_loop:1048 - <- {'type': 'dahai', 'actor': 0, 'pai': '2s', 'tsumogiri': True, 'meta': {'q_values': [-5.434922, -5.131571, -2.188174, -0.858763, -4.8917027, -5.395872, -3.084554, 0.2993896, -4.619935, -5.3591394, -0.96451604, -5.087557], 'mask_bits': 34452696160, 'is_greedy': True, 'batch_size': 1, 'eval_time_ns': 1293709, 'shanten': 3, 'at_furiten': False}}
2026-01-06 15:29:45.846 | DEBUG    | akagi.akagi:main_loop:1045 - -> {'type': 'dahai', 'actor': 0, 'pai': '2s', 'tsumogiri': True}
2026-01-06 15:29:45.846 | DEBUG    | akagi.akagi:main_loop:1048 - <- {'type': 'none'}
2026-01-06 15:29:46.345 | DEBUG    | akagi.akagi:main_loop:1045 - -> {'type': 'tsumo', 'actor': 1, 'pai': '?'}
2026-01-06 15:29:46.345 | DEBUG    | akagi.akagi:main_loop:1048 - <- {'type': 'none'}
2026-01-06 15:29:47.147 | DEBUG    | akagi.akagi:main_loop:1045 - -> {'type': 'dahai', 'actor': 1, 'pai': '9p', 'tsumogiri': True}
2026-01-06 15:29:47.148 | DEBUG    | akagi.akagi:main_loop:1048 - <- {'type': 'none'}
2026-01-06 15:29:47.646 | DEBUG    | akagi.akagi:main_loop:1045 - -> {'type': 'tsumo', 'actor': 2, 'pai': '?'}
2026-01-06 15:29:47.646 | DEBUG    | akagi.akagi:main_loop:1048 - <- {'type': 'none'}
2026-01-06 15:29:49.446 | DEBUG    | akagi.akagi:main_loop:1045 - -> {'type': 'dahai', 'actor': 2, 'pai': '1m', 'tsumogiri': True}
2026-01-06 15:29:49.446 | DEBUG    | akagi.akagi:main_loop:1048 - <- {'type': 'none'}
2026-01-06 15:29:52.095 | DEBUG    | akagi.akagi:main_loop:1045 - -> {'type': 'tsumo', 'actor': 3, 'pai': '?'}
2026-01-06 15:29:52.096 | DEBUG    | akagi.akagi:main_loop:1048 - <- {'type': 'none'}
2026-01-06 15:29:53.446 | DEBUG    | akagi.akagi:main_loop:1045 - -> {'type': 'dahai', 'actor': 3, 'pai': 'F', 'tsumogiri': False}
2026-01-06 15:29:53.446 | DEBUG    | akagi.akagi:main_loop:1048 - <- {'type': 'none'}
2026-01-06 15:29:53.946 | DEBUG    | akagi.akagi:main_loop:1045 - -> {'type': 'tsumo', 'actor': 0, 'pai': '3s'}
2026-01-06 15:29:53.964 | DEBUG    | akagi.akagi:main_loop:1048 - <- {'type': 'dahai', 'actor': 0, 'pai': '9p', 'tsumogiri': False, 'meta': {'q_values': [-5.622467, -5.8320837, -2.7247868, -1.8054042, -5.570025, -4.8546557, 0.19604105, -1.6599891, -5.1478515, -5.744659, -1.2342427, -5.3869324], 'mask_bits': 34453220448, 'is_greedy': True, 'batch_size': 1, 'eval_time_ns': 2131250, 'shanten': 3, 'at_furiten': False}}
2026-01-06 15:29:56.896 | DEBUG    | akagi.akagi:main_loop:1045 - -> {'type': 'dahai', 'actor': 0, 'pai': '9s', 'tsumogiri': False}
2026-01-06 15:29:56.896 | DEBUG    | akagi.akagi:main_loop:1048 - <- {'type': 'none'}
2026-01-06 15:29:57.396 | DEBUG    | akagi.akagi:main_loop:1045 - -> {'type': 'tsumo', 'actor': 1, 'pai': '?'}
2026-01-06 15:29:57.396 | DEBUG    | akagi.akagi:main_loop:1048 - <- {'type': 'none'}
2026-01-06 15:29:58.196 | DEBUG    | akagi.akagi:main_loop:1045 - -> {'type': 'dahai', 'actor': 1, 'pai': '8p', 'tsumogiri': True}
2026-01-06 15:29:58.196 | DEBUG    | akagi.akagi:main_loop:1048 - <- {'type': 'none'}
2026-01-06 15:29:58.696 | DEBUG    | akagi.akagi:main_loop:1045 - -> {'type': 'tsumo', 'actor': 2, 'pai': '?'}
2026-01-06 15:29:58.696 | DEBUG    | akagi.akagi:main_loop:1048 - <- {'type': 'none'}
2026-01-06 15:30:00.546 | DEBUG    | akagi.akagi:main_loop:1045 - -> {'type': 'dahai', 'actor': 2, 'pai': 'F', 'tsumogiri': True}
2026-01-06 15:30:00.546 | DEBUG    | akagi.akagi:main_loop:1048 - <- {'type': 'none'}
2026-01-06 15:30:01.046 | DEBUG    | akagi.akagi:main_loop:1045 - -> {'type': 'tsumo', 'actor': 3, 'pai': '?'}
2026-01-06 15:30:01.046 | DEBUG    | akagi.akagi:main_loop:1048 - <- {'type': 'none'}
2026-01-06 15:30:02.747 | DEBUG    | akagi.akagi:main_loop:1045 - -> {'type': 'dahai', 'actor': 3, 'pai': '2p', 'tsumogiri': False}
2026-01-06 15:30:02.756 | DEBUG    | akagi.akagi:main_loop:1048 - <- {'type': 'none', 'meta': {'q_values': [-3.8424969, -0.45829672], 'mask_bits': 37383395344384, 'is_greedy': True, 'batch_size': 1, 'eval_time_ns': 2300083, 'shanten': 3, 'at_furiten': False}}
2026-01-06 15:30:07.595 | DEBUG    | akagi.akagi:main_loop:1045 - -> {'type': 'tsumo', 'actor': 0, 'pai': '7m'}
2026-01-06 15:30:07.612 | DEBUG    | akagi.akagi:main_loop:1048 - <- {'type': 'dahai', 'actor': 0, 'pai': '2p', 'tsumogiri': False, 'meta': {'q_values': [-6.489781, -6.0705743, 0.30864555, -2.2098489, -5.100619, -5.5498343, -0.766401, -3.7563937, -5.4967, -5.6389565, -5.234486], 'mask_bits': 34386111584, 'is_greedy': True, 'batch_size': 1, 'eval_time_ns': 2394168, 'shanten': 3, 'at_furiten': False}}
2026-01-06 15:30:12.698 | DEBUG    | akagi.akagi:main_loop:1045 - -> {'type': 'dahai', 'actor': 0, 'pai': '7m', 'tsumogiri': True}
2026-01-06 15:30:12.698 | DEBUG    | akagi.akagi:main_loop:1048 - <- {'type': 'none'}
2026-01-06 15:30:13.197 | DEBUG    | akagi.akagi:main_loop:1045 - -> {'type': 'tsumo', 'actor': 1, 'pai': '?'}
2026-01-06 15:30:13.197 | DEBUG    | akagi.akagi:main_loop:1048 - <- {'type': 'none'}
2026-01-06 15:30:13.996 | DEBUG    | akagi.akagi:main_loop:1045 - -> {'type': 'dahai', 'actor': 1, 'pai': 'P', 'tsumogiri': True}
2026-01-06 15:30:13.996 | DEBUG    | akagi.akagi:main_loop:1048 - <- {'type': 'none'}
2026-01-06 15:30:15.295 | DEBUG    | akagi.akagi:main_loop:1045 - -> {'type': 'end_kyoku'}
2026-01-06 15:30:15.296 | DEBUG    | akagi.akagi:main_loop:1048 - <- {'type': 'none'}
2026-01-06 15:30:35.950 | DEBUG    | akagi.akagi:main_loop:1045 - -> {'type': 'start_kyoku', 'bakaze': 'E', 'dora_marker': '4p', 'honba': 0, 'kyoku': 3, 'kyotaku': 0, 'oya': 2, 'scores': [25000, 14000, 36000, 25000], 'tehais': [['3m', '9m', '4p', '5p', '6p', '9p', '1s', '5s', '9s', 'W', 'N', 'N', 'P'], ['?', '?', '?', '?', '?', '?', '?', '?', '?', '?', '?', '?', '?'], ['?', '?', '?', '?', '?', '?', '?', '?', '?', '?', '?', '?', '?'], ['?', '?', '?', '?', '?', '?', '?', '?', '?', '?', '?', '?', '?']]}
2026-01-06 15:30:35.951 | DEBUG    | akagi.akagi:main_loop:1048 - <- {'type': 'none'}
2026-01-06 15:30:40.545 | DEBUG    | akagi.akagi:main_loop:1045 - -> {'type': 'end_kyoku'}
2026-01-06 15:30:40.545 | DEBUG    | akagi.akagi:main_loop:1048 - <- {'type': 'none'}
2026-01-06 15:30:46.145 | DEBUG    | akagi.akagi:main_loop:1045 - -> {'type': 'start_kyoku', 'bakaze': 'E', 'dora_marker': '4p', 'honba': 1, 'kyoku': 3, 'kyotaku': 0, 'oya': 2, 'scores': [25000, 14000, 36000, 25000], 'tehais': [['1m', '1m', '4m', '6m', '1p', '5p', '7p', '2s', 'S', 'S', 'W', 'P', 'C'], ['?', '?', '?', '?', '?', '?', '?', '?', '?', '?', '?', '?', '?'], ['?', '?', '?', '?', '?', '?', '?', '?', '?', '?', '?', '?', '?'], ['?', '?', '?', '?', '?', '?', '?', '?', '?', '?', '?', '?', '?']]}
2026-01-06 15:30:46.145 | DEBUG    | akagi.akagi:main_loop:1048 - <- {'type': 'none'}
2026-01-06 15:30:52.095 | DEBUG    | akagi.akagi:main_loop:1045 - -> {'type': 'dahai', 'actor': 2, 'pai': 'F', 'tsumogiri': False}
2026-01-06 15:30:52.096 | DEBUG    | akagi.akagi:main_loop:1048 - <- {'type': 'none'}
2026-01-06 15:30:52.596 | DEBUG    | akagi.akagi:main_loop:1045 - -> {'type': 'tsumo', 'actor': 3, 'pai': '?'}
2026-01-06 15:30:52.596 | DEBUG    | akagi.akagi:main_loop:1048 - <- {'type': 'none'}
2026-01-06 15:30:57.247 | DEBUG    | akagi.akagi:main_loop:1045 - -> {'type': 'dahai', 'actor': 3, 'pai': '2m', 'tsumogiri': False}
2026-01-06 15:30:57.248 | DEBUG    | akagi.akagi:main_loop:1048 - <- {'type': 'none'}
2026-01-06 15:30:58.996 | DEBUG    | akagi.akagi:main_loop:1045 - -> {'type': 'tsumo', 'actor': 0, 'pai': '3s'}
2026-01-06 15:30:59.005 | DEBUG    | akagi.akagi:main_loop:1048 - <- {'type': 'dahai', 'actor': 0, 'pai': '1p', 'tsumogiri': False, 'meta': {'q_values': [-2.9193819, -4.492277, -4.307167, 0.06058435, -5.473121, -5.0213885, -5.9807854, -5.7428517, -5.1237216, -1.3752623, -1.2793863, -1.2749944], 'mask_bits': 11544338985, 'is_greedy': True, 'batch_size': 1, 'eval_time_ns': 2340791, 'shanten': 4, 'at_furiten': False}}
2026-01-06 15:31:04.548 | DEBUG    | akagi.akagi:main_loop:1045 - -> {'type': 'dahai', 'actor': 0, 'pai': '1p', 'tsumogiri': False}
2026-01-06 15:31:04.549 | DEBUG    | akagi.akagi:main_loop:1048 - <- {'type': 'none'}
2026-01-06 15:31:05.046 | DEBUG    | akagi.akagi:main_loop:1045 - -> {'type': 'tsumo', 'actor': 1, 'pai': '?'}
2026-01-06 15:31:05.046 | DEBUG    | akagi.akagi:main_loop:1048 - <- {'type': 'none'}
2026-01-06 15:31:07.996 | DEBUG    | akagi.akagi:main_loop:1045 - -> {'type': 'dahai', 'actor': 1, 'pai': '2m', 'tsumogiri': False}
2026-01-06 15:31:07.996 | DEBUG    | akagi.akagi:main_loop:1048 - <- {'type': 'none'}
2026-01-06 15:31:09.754 | DEBUG    | akagi.akagi:main_loop:1045 - -> {'type': 'tsumo', 'actor': 2, 'pai': '?'}
2026-01-06 15:31:09.754 | DEBUG    | akagi.akagi:main_loop:1048 - <- {'type': 'none'}
2026-01-06 15:31:11.597 | DEBUG    | akagi.akagi:main_loop:1045 - -> {'type': 'dahai', 'actor': 2, 'pai': '2p', 'tsumogiri': False}
2026-01-06 15:31:11.597 | DEBUG    | akagi.akagi:main_loop:1048 - <- {'type': 'none'}
2026-01-06 15:31:13.596 | DEBUG    | akagi.akagi:main_loop:1045 - -> {'type': 'tsumo', 'actor': 3, 'pai': '?'}
2026-01-06 15:31:13.596 | DEBUG    | akagi.akagi:main_loop:1048 - <- {'type': 'none'}
2026-01-06 15:31:15.846 | DEBUG    | akagi.akagi:main_loop:1045 - -> {'type': 'dahai', 'actor': 3, 'pai': '1p', 'tsumogiri': False}
2026-01-06 15:31:15.846 | DEBUG    | akagi.akagi:main_loop:1048 - <- {'type': 'none'}
2026-01-06 15:31:16.346 | DEBUG    | akagi.akagi:main_loop:1045 - -> {'type': 'tsumo', 'actor': 0, 'pai': '6s'}
2026-01-06 15:31:16.357 | DEBUG    | akagi.akagi:main_loop:1048 - <- {'type': 'dahai', 'actor': 0, 'pai': 'P', 'tsumogiri': False, 'meta': {'q_values': [-1.7357483, -4.1932387, -4.755928, -4.655051, -4.576561, -5.256508, -5.7639246, -1.9953675, -4.9077888, -0.9805564, -0.42381555, -0.43535382], 'mask_bits': 11552727081, 'is_greedy': True, 'batch_size': 1, 'eval_time_ns': 3921166, 'shanten': 3, 'at_furiten': False}}
2026-01-06 15:31:20.445 | DEBUG    | akagi.akagi:main_loop:1045 - -> {'type': 'dahai', 'actor': 0, 'pai': 'P', 'tsumogiri': False}
2026-01-06 15:31:20.445 | DEBUG    | akagi.akagi:main_loop:1048 - <- {'type': 'none'}
2026-01-06 15:31:21.045 | DEBUG    | akagi.akagi:main_loop:1045 - -> {'type': 'tsumo', 'actor': 1, 'pai': '?'}
2026-01-06 15:31:21.046 | DEBUG    | akagi.akagi:main_loop:1048 - <- {'type': 'none'}
2026-01-06 15:31:23.196 | DEBUG    | akagi.akagi:main_loop:1045 - -> {'type': 'dahai', 'actor': 1, 'pai': '6m', 'tsumogiri': False}
2026-01-06 15:31:23.196 | DEBUG    | akagi.akagi:main_loop:1048 - <- {'type': 'none'}
2026-01-06 15:31:24.897 | DEBUG    | akagi.akagi:main_loop:1045 - -> {'type': 'tsumo', 'actor': 2, 'pai': '?'}
2026-01-06 15:31:24.897 | DEBUG    | akagi.akagi:main_loop:1048 - <- {'type': 'none'}
2026-01-06 15:31:26.746 | DEBUG    | akagi.akagi:main_loop:1045 - -> {'type': 'dahai', 'actor': 2, 'pai': '2m', 'tsumogiri': False}
2026-01-06 15:31:26.746 | DEBUG    | akagi.akagi:main_loop:1048 - <- {'type': 'none'}
2026-01-06 15:31:27.246 | DEBUG    | akagi.akagi:main_loop:1045 - -> {'type': 'tsumo', 'actor': 3, 'pai': '?'}
2026-01-06 15:31:27.246 | DEBUG    | akagi.akagi:main_loop:1048 - <- {'type': 'none'}
2026-01-06 15:31:29.746 | DEBUG    | akagi.akagi:main_loop:1045 - -> {'type': 'dahai', 'actor': 3, 'pai': '9m', 'tsumogiri': False}
2026-01-06 15:31:29.746 | DEBUG    | akagi.akagi:main_loop:1048 - <- {'type': 'none'}
2026-01-06 15:31:30.247 | DEBUG    | akagi.akagi:main_loop:1045 - -> {'type': 'tsumo', 'actor': 0, 'pai': '9m'}
2026-01-06 15:31:30.254 | DEBUG    | akagi.akagi:main_loop:1048 - <- {'type': 'dahai', 'actor': 0, 'pai': '9m', 'tsumogiri': True, 'meta': {'q_values': [-4.0849423, -5.552195, -5.5306005, 0.15296656, -6.3385706, -6.32124, -7.0424404, -7.175947, -2.9191756, -5.83799, -1.9891312, -0.9637098], 'mask_bits': 9405243689, 'is_greedy': True, 'batch_size': 1, 'eval_time_ns': 3168250, 'shanten': 3, 'at_furiten': False}}
2026-01-06 15:31:33.596 | DEBUG    | akagi.akagi:main_loop:1045 - -> {'type': 'dahai', 'actor': 0, 'pai': '9m', 'tsumogiri': True}
2026-01-06 15:31:33.596 | DEBUG    | akagi.akagi:main_loop:1048 - <- {'type': 'none'}
2026-01-06 15:31:34.096 | DEBUG    | akagi.akagi:main_loop:1045 - -> {'type': 'tsumo', 'actor': 1, 'pai': '?'}
2026-01-06 15:31:34.097 | DEBUG    | akagi.akagi:main_loop:1048 - <- {'type': 'none'}
2026-01-06 15:31:37.246 | DEBUG    | akagi.akagi:main_loop:1045 - -> {'type': 'dahai', 'actor': 1, 'pai': '2s', 'tsumogiri': False}
2026-01-06 15:31:37.247 | DEBUG    | akagi.akagi:main_loop:1048 - <- {'type': 'none'}
2026-01-06 15:31:37.745 | DEBUG    | akagi.akagi:main_loop:1045 - -> {'type': 'tsumo', 'actor': 2, 'pai': '?'}
2026-01-06 15:31:37.745 | DEBUG    | akagi.akagi:main_loop:1048 - <- {'type': 'none'}
2026-01-06 15:31:39.246 | DEBUG    | akagi.akagi:main_loop:1045 - -> {'type': 'dahai', 'actor': 2, 'pai': 'E', 'tsumogiri': True}
2026-01-06 15:31:39.246 | DEBUG    | akagi.akagi:main_loop:1048 - <- {'type': 'none'}
2026-01-06 15:31:39.746 | DEBUG    | akagi.akagi:main_loop:1045 - -> {'type': 'tsumo', 'actor': 3, 'pai': '?'}
2026-01-06 15:31:39.746 | DEBUG    | akagi.akagi:main_loop:1048 - <- {'type': 'none'}
2026-01-06 15:31:41.695 | DEBUG    | akagi.akagi:main_loop:1045 - -> {'type': 'dahai', 'actor': 3, 'pai': 'E', 'tsumogiri': True}
2026-01-06 15:31:41.695 | DEBUG    | akagi.akagi:main_loop:1048 - <- {'type': 'none'}
2026-01-06 15:31:42.197 | DEBUG    | akagi.akagi:main_loop:1045 - -> {'type': 'tsumo', 'actor': 0, 'pai': '9p'}
2026-01-06 15:31:42.203 | DEBUG    | akagi.akagi:main_loop:1048 - <- {'type': 'dahai', 'actor': 0, 'pai': 'C', 'tsumogiri': False, 'meta': {'q_values': [-2.538698, -4.013942, -4.533493, -4.7501516, -5.5716534, -1.9518297, -4.7611656, -5.8398457, -1.4124384, -5.250966, -0.98022866, -0.23253846], 'mask_bits': 9405374505, 'is_greedy': True, 'batch_size': 1, 'eval_time_ns': 1778542, 'shanten': 3, 'at_furiten': False}}
2026-01-06 15:31:53.898 | DEBUG    | akagi.akagi:main_loop:1045 - -> {'type': 'dahai', 'actor': 0, 'pai': 'C', 'tsumogiri': False}
2026-01-06 15:31:53.899 | DEBUG    | akagi.akagi:main_loop:1048 - <- {'type': 'none'}
2026-01-06 15:31:54.396 | DEBUG    | akagi.akagi:main_loop:1045 - -> {'type': 'tsumo', 'actor': 1, 'pai': '?'}
2026-01-06 15:31:54.396 | DEBUG    | akagi.akagi:main_loop:1048 - <- {'type': 'none'}
2026-01-06 15:31:57.746 | DEBUG    | akagi.akagi:main_loop:1045 - -> {'type': 'dahai', 'actor': 1, 'pai': 'W', 'tsumogiri': False}
2026-01-06 15:31:57.747 | DEBUG    | akagi.akagi:main_loop:1048 - <- {'type': 'none'}
2026-01-06 15:31:58.246 | DEBUG    | akagi.akagi:main_loop:1045 - -> {'type': 'tsumo', 'actor': 2, 'pai': '?'}
2026-01-06 15:31:58.247 | DEBUG    | akagi.akagi:main_loop:1048 - <- {'type': 'none'}
2026-01-06 15:31:59.696 | DEBUG    | akagi.akagi:main_loop:1045 - -> {'type': 'dahai', 'actor': 2, 'pai': 'F', 'tsumogiri': True}
2026-01-06 15:31:59.696 | DEBUG    | akagi.akagi:main_loop:1048 - <- {'type': 'none'}
2026-01-06 15:32:00.196 | DEBUG    | akagi.akagi:main_loop:1045 - -> {'type': 'tsumo', 'actor': 3, 'pai': '?'}
2026-01-06 15:32:00.196 | DEBUG    | akagi.akagi:main_loop:1048 - <- {'type': 'none'}
2026-01-06 15:32:02.146 | DEBUG    | akagi.akagi:main_loop:1045 - -> {'type': 'dahai', 'actor': 3, 'pai': 'N', 'tsumogiri': False}
2026-01-06 15:32:02.146 | DEBUG    | akagi.akagi:main_loop:1048 - <- {'type': 'none'}
2026-01-06 15:32:04.245 | DEBUG    | akagi.akagi:main_loop:1045 - -> {'type': 'pon', 'actor': 1, 'target': 3, 'pai': 'N', 'consumed': ['N', 'N']}
2026-01-06 15:32:04.246 | DEBUG    | akagi.akagi:main_loop:1048 - <- {'type': 'none'}
2026-01-06 15:32:06.446 | DEBUG    | akagi.akagi:main_loop:1045 - -> {'type': 'dahai', 'actor': 1, 'pai': '4s', 'tsumogiri': False}
2026-01-06 15:32:06.447 | DEBUG    | akagi.akagi:main_loop:1048 - <- {'type': 'none'}
2026-01-06 15:32:08.396 | DEBUG    | akagi.akagi:main_loop:1045 - -> {'type': 'tsumo', 'actor': 2, 'pai': '?'}
2026-01-06 15:32:08.396 | DEBUG    | akagi.akagi:main_loop:1048 - <- {'type': 'none'}
2026-01-06 15:32:09.746 | DEBUG    | akagi.akagi:main_loop:1045 - -> {'type': 'dahai', 'actor': 2, 'pai': '1m', 'tsumogiri': False}
2026-01-06 15:32:09.752 | DEBUG    | akagi.akagi:main_loop:1048 - <- {'type': 'none', 'meta': {'q_values': [-2.1426237, -0.1047838], 'mask_bits': 37383395344384, 'is_greedy': True, 'batch_size': 1, 'eval_time_ns': 2025792, 'shanten': 3, 'at_furiten': False}}
2026-01-06 15:32:19.697 | DEBUG    | akagi.akagi:main_loop:1045 - -> {'type': 'tsumo', 'actor': 3, 'pai': '?'}
2026-01-06 15:32:19.698 | DEBUG    | akagi.akagi:main_loop:1048 - <- {'type': 'none'}
2026-01-06 15:32:21.998 | DEBUG    | akagi.akagi:main_loop:1045 - -> {'type': 'dahai', 'actor': 3, 'pai': 'W', 'tsumogiri': False}
2026-01-06 15:32:21.999 | DEBUG    | akagi.akagi:main_loop:1048 - <- {'type': 'none'}
2026-01-06 15:32:22.495 | DEBUG    | akagi.akagi:main_loop:1045 - -> {'type': 'tsumo', 'actor': 0, 'pai': '5pr'}
2026-01-06 15:32:22.516 | DEBUG    | akagi.akagi:main_loop:1048 - <- {'type': 'dahai', 'actor': 0, 'pai': 'W', 'tsumogiri': False, 'meta': {'q_values': [-1.8057702, -3.0138142, -3.4046147, -5.4135213, -4.792203, -1.6205474, -4.576605, -4.2845764, 0.17687893, -3.6529977, 0.24130917, -6.910123], 'mask_bits': 35175178281, 'is_greedy': True, 'batch_size': 1, 'eval_time_ns': 3617001, 'shanten': 3, 'at_furiten': False}}
2026-01-06 15:32:26.047 | DEBUG    | akagi.akagi:main_loop:1045 - -> {'type': 'dahai', 'actor': 0, 'pai': 'W', 'tsumogiri': False}
2026-01-06 15:32:26.048 | DEBUG    | akagi.akagi:main_loop:1048 - <- {'type': 'none'}
2026-01-06 15:32:26.497 | DEBUG    | akagi.akagi:main_loop:1045 - -> {'type': 'tsumo', 'actor': 1, 'pai': '?'}
2026-01-06 15:32:26.497 | DEBUG    | akagi.akagi:main_loop:1048 - <- {'type': 'none'}
2026-01-06 15:32:29.347 | DEBUG    | akagi.akagi:main_loop:1045 - -> {'type': 'dahai', 'actor': 1, 'pai': '4s', 'tsumogiri': True}
2026-01-06 15:32:29.347 | DEBUG    | akagi.akagi:main_loop:1048 - <- {'type': 'none'}
2026-01-06 15:32:31.746 | DEBUG    | akagi.akagi:main_loop:1045 - -> {'type': 'tsumo', 'actor': 2, 'pai': '?'}
2026-01-06 15:32:31.747 | DEBUG    | akagi.akagi:main_loop:1048 - <- {'type': 'none'}
2026-01-06 15:32:33.196 | DEBUG    | akagi.akagi:main_loop:1045 - -> {'type': 'dahai', 'actor': 2, 'pai': 'P', 'tsumogiri': True}
2026-01-06 15:32:33.197 | DEBUG    | akagi.akagi:main_loop:1048 - <- {'type': 'none'}
2026-01-06 15:32:33.697 | DEBUG    | akagi.akagi:main_loop:1045 - -> {'type': 'tsumo', 'actor': 3, 'pai': '?'}
2026-01-06 15:32:33.697 | DEBUG    | akagi.akagi:main_loop:1048 - <- {'type': 'none'}
2026-01-06 15:32:38.446 | DEBUG    | akagi.akagi:main_loop:1045 - -> {'type': 'dahai', 'actor': 3, 'pai': '3p', 'tsumogiri': False}
2026-01-06 15:32:38.446 | DEBUG    | akagi.akagi:main_loop:1048 - <- {'type': 'none'}
2026-01-06 15:32:38.946 | DEBUG    | akagi.akagi:main_loop:1045 - -> {'type': 'tsumo', 'actor': 0, 'pai': '4m'}
2026-01-06 15:32:38.953 | DEBUG    | akagi.akagi:main_loop:1048 - <- {'type': 'dahai', 'actor': 0, 'pai': '9p', 'tsumogiri': False, 'meta': {'q_values': [-1.354352, -3.8240366, 0.082089424, -5.1191897, -2.3472395, 0.21954775, -1.14804, -1.5139765, 0.08205652, -2.20181, -6.2407393], 'mask_bits': 34638307369, 'is_greedy': True, 'batch_size': 1, 'eval_time_ns': 2351166, 'shanten': 3, 'at_furiten': False}}
2026-01-06 15:32:44.147 | DEBUG    | akagi.akagi:main_loop:1045 - -> {'type': 'dahai', 'actor': 0, 'pai': '9p', 'tsumogiri': False}
2026-01-06 15:32:44.148 | DEBUG    | akagi.akagi:main_loop:1048 - <- {'type': 'none'}
2026-01-06 15:32:46.346 | DEBUG    | akagi.akagi:main_loop:1045 - -> {'type': 'tsumo', 'actor': 1, 'pai': '?'}
2026-01-06 15:32:46.346 | DEBUG    | akagi.akagi:main_loop:1048 - <- {'type': 'none'}
2026-01-06 15:32:48.545 | DEBUG    | akagi.akagi:main_loop:1045 - -> {'type': 'dahai', 'actor': 1, 'pai': '1s', 'tsumogiri': True}
2026-01-06 15:32:48.546 | DEBUG    | akagi.akagi:main_loop:1048 - <- {'type': 'none'}
2026-01-06 15:32:49.046 | DEBUG    | akagi.akagi:main_loop:1045 - -> {'type': 'tsumo', 'actor': 2, 'pai': '?'}
2026-01-06 15:32:49.046 | DEBUG    | akagi.akagi:main_loop:1048 - <- {'type': 'none'}
2026-01-06 15:32:50.497 | DEBUG    | akagi.akagi:main_loop:1045 - -> {'type': 'dahai', 'actor': 2, 'pai': '9p', 'tsumogiri': False}
2026-01-06 15:32:50.497 | DEBUG    | akagi.akagi:main_loop:1048 - <- {'type': 'none'}
2026-01-06 15:32:50.997 | DEBUG    | akagi.akagi:main_loop:1045 - -> {'type': 'tsumo', 'actor': 3, 'pai': '?'}
2026-01-06 15:32:50.997 | DEBUG    | akagi.akagi:main_loop:1048 - <- {'type': 'none'}
2026-01-06 15:32:53.196 | DEBUG    | akagi.akagi:main_loop:1045 - -> {'type': 'dahai', 'actor': 3, 'pai': 'C', 'tsumogiri': True}
2026-01-06 15:32:53.196 | DEBUG    | akagi.akagi:main_loop:1048 - <- {'type': 'none'}
2026-01-06 15:32:53.696 | DEBUG    | akagi.akagi:main_loop:1045 - -> {'type': 'tsumo', 'actor': 0, 'pai': '6p'}
2026-01-06 15:32:53.700 | DEBUG    | akagi.akagi:main_loop:1048 - <- {'type': 'dahai', 'actor': 0, 'pai': '6s', 'tsumogiri': False, 'meta': {'q_values': [-1.6273608, -3.202735, -0.7200029, -2.332397, -3.5346084, -3.0396047, -2.2823105, -3.0190806, 0.9590783, -2.721971, -4.643064], 'mask_bits': 34638192681, 'is_greedy': True, 'batch_size': 1, 'eval_time_ns': 2309833, 'shanten': 2, 'at_furiten': False}}
2026-01-06 15:32:58.246 | DEBUG    | akagi.akagi:main_loop:1045 - -> {'type': 'dahai', 'actor': 0, 'pai': '6s', 'tsumogiri': False}
2026-01-06 15:32:58.247 | DEBUG    | akagi.akagi:main_loop:1048 - <- {'type': 'none'}
2026-01-06 15:33:00.746 | DEBUG    | akagi.akagi:main_loop:1045 - -> {'type': 'tsumo', 'actor': 1, 'pai': '?'}
2026-01-06 15:33:00.746 | DEBUG    | akagi.akagi:main_loop:1048 - <- {'type': 'none'}
2026-01-06 15:33:05.446 | DEBUG    | akagi.akagi:main_loop:1045 - -> {'type': 'dahai', 'actor': 1, 'pai': '5s', 'tsumogiri': True}
2026-01-06 15:33:05.447 | DEBUG    | akagi.akagi:main_loop:1048 - <- {'type': 'none'}
2026-01-06 15:33:05.946 | DEBUG    | akagi.akagi:main_loop:1045 - -> {'type': 'tsumo', 'actor': 2, 'pai': '?'}
2026-01-06 15:33:05.946 | DEBUG    | akagi.akagi:main_loop:1048 - <- {'type': 'none'}
2026-01-06 15:33:07.596 | DEBUG    | akagi.akagi:main_loop:1045 - -> {'type': 'dahai', 'actor': 2, 'pai': 'F', 'tsumogiri': True}
2026-01-06 15:33:07.596 | DEBUG    | akagi.akagi:main_loop:1048 - <- {'type': 'none'}
2026-01-06 15:33:08.096 | DEBUG    | akagi.akagi:main_loop:1045 - -> {'type': 'tsumo', 'actor': 3, 'pai': '?'}
2026-01-06 15:33:08.097 | DEBUG    | akagi.akagi:main_loop:1048 - <- {'type': 'none'}
2026-01-06 15:33:14.046 | DEBUG    | akagi.akagi:main_loop:1045 - -> {'type': 'dahai', 'actor': 3, 'pai': '4p', 'tsumogiri': True}
2026-01-06 15:33:14.053 | DEBUG    | akagi.akagi:main_loop:1048 - <- {'type': 'none', 'meta': {'q_values': [-1.5836407, 0.22861275], 'mask_bits': 35459249995776, 'is_greedy': True, 'batch_size': 1, 'eval_time_ns': 3537166, 'shanten': 2, 'at_furiten': False}}
2026-01-06 15:33:18.846 | DEBUG    | akagi.akagi:main_loop:1045 - -> {'type': 'tsumo', 'actor': 0, 'pai': '1p'}
2026-01-06 15:33:18.853 | DEBUG    | akagi.akagi:main_loop:1048 - <- {'type': 'dahai', 'actor': 0, 'pai': '1p', 'tsumogiri': True, 'meta': {'q_values': [-3.5293727, -4.1539874, -1.7822291, 0.13184229, -3.8135, -4.9788823, -4.577136, -3.8528657, -4.0597997, -4.235412, -5.3138137], 'mask_bits': 34629804585, 'is_greedy': True, 'batch_size': 1, 'eval_time_ns': 2967625, 'shanten': 2, 'at_furiten': False}}
2026-01-06 15:33:22.999 | DEBUG    | akagi.akagi:main_loop:1045 - -> {'type': 'dahai', 'actor': 0, 'pai': '1p', 'tsumogiri': True}
2026-01-06 15:33:23.000 | DEBUG    | akagi.akagi:main_loop:1048 - <- {'type': 'none'}
2026-01-06 15:33:23.495 | DEBUG    | akagi.akagi:main_loop:1045 - -> {'type': 'tsumo', 'actor': 1, 'pai': '?'}
2026-01-06 15:33:23.496 | DEBUG    | akagi.akagi:main_loop:1048 - <- {'type': 'none'}
2026-01-06 15:33:26.047 | DEBUG    | akagi.akagi:main_loop:1045 - -> {'type': 'dahai', 'actor': 1, 'pai': '5m', 'tsumogiri': True}
2026-01-06 15:33:26.047 | DEBUG    | akagi.akagi:main_loop:1048 - <- {'type': 'none'}
2026-01-06 15:33:27.895 | DEBUG    | akagi.akagi:main_loop:1045 - -> {'type': 'tsumo', 'actor': 2, 'pai': '?'}
2026-01-06 15:33:27.896 | DEBUG    | akagi.akagi:main_loop:1048 - <- {'type': 'none'}
2026-01-06 15:33:31.996 | DEBUG    | akagi.akagi:main_loop:1045 - -> {'type': 'reach', 'actor': 2}
2026-01-06 15:33:31.996 | DEBUG    | akagi.akagi:main_loop:1045 - -> {'type': 'dahai', 'actor': 2, 'pai': '8p', 'tsumogiri': False}
2026-01-06 15:33:31.996 | DEBUG    | akagi.akagi:main_loop:1048 - <- {'type': 'none'}
2026-01-06 15:33:32.496 | DEBUG    | akagi.akagi:main_loop:1045 - -> {'type': 'reach_accepted', 'actor': 2}
2026-01-06 15:33:32.497 | DEBUG    | akagi.akagi:main_loop:1045 - -> {'type': 'tsumo', 'actor': 3, 'pai': '?'}
2026-01-06 15:33:32.497 | DEBUG    | akagi.akagi:main_loop:1048 - <- {'type': 'none'}
2026-01-06 15:33:37.095 | DEBUG    | akagi.akagi:main_loop:1045 - -> {'type': 'dahai', 'actor': 3, 'pai': '9p', 'tsumogiri': False}
2026-01-06 15:33:37.095 | DEBUG    | akagi.akagi:main_loop:1048 - <- {'type': 'none'}
2026-01-06 15:33:37.596 | DEBUG    | akagi.akagi:main_loop:1045 - -> {'type': 'tsumo', 'actor': 0, 'pai': '1s'}
2026-01-06 15:33:37.600 | DEBUG    | akagi.akagi:main_loop:1048 - <- {'type': 'dahai', 'actor': 0, 'pai': '1m', 'tsumogiri': False, 'meta': {'q_values': [0.64521587, -1.4515136, -2.8572822, -1.4486881, -2.5020537, -3.2460346, -1.6691777, -2.9359279, -2.3643866, 0.45900464, -2.827828], 'mask_bits': 34630066217, 'is_greedy': True, 'batch_size': 1, 'eval_time_ns': 2817209, 'shanten': 2, 'at_furiten': False}}
2026-01-06 15:33:43.097 | DEBUG    | akagi.akagi:main_loop:1045 - -> {'type': 'dahai', 'actor': 0, 'pai': '1m', 'tsumogiri': False}
2026-01-06 15:33:43.098 | DEBUG    | akagi.akagi:main_loop:1048 - <- {'type': 'none'}
2026-01-06 15:33:43.596 | DEBUG    | akagi.akagi:main_loop:1045 - -> {'type': 'tsumo', 'actor': 1, 'pai': '?'}
2026-01-06 15:33:43.596 | DEBUG    | akagi.akagi:main_loop:1048 - <- {'type': 'none'}
2026-01-06 15:33:46.046 | DEBUG    | akagi.akagi:main_loop:1045 - -> {'type': 'dahai', 'actor': 1, 'pai': '6s', 'tsumogiri': True}
2026-01-06 15:33:46.047 | DEBUG    | akagi.akagi:main_loop:1048 - <- {'type': 'none'}
2026-01-06 15:33:47.197 | DEBUG    | akagi.akagi:main_loop:1045 - -> {'type': 'end_kyoku'}
2026-01-06 15:33:47.197 | DEBUG    | akagi.akagi:main_loop:1048 - <- {'type': 'none'}
2026-01-06 15:34:05.548 | DEBUG    | akagi.akagi:main_loop:1045 - -> {'type': 'start_kyoku', 'bakaze': 'E', 'dora_marker': 'W', 'honba': 2, 'kyoku': 3, 'kyotaku': 0, 'oya': 2, 'scores': [25000, 6000, 44000, 25000], 'tehais': [['7m', '1p', '4p', '4p', '6p', '9p', '7s', '8s', '9s', 'E', 'N', 'P', 'P'], ['?', '?', '?', '?', '?', '?', '?', '?', '?', '?', '?', '?', '?'], ['?', '?', '?', '?', '?', '?', '?', '?', '?', '?', '?', '?', '?'], ['?', '?', '?', '?', '?', '?', '?', '?', '?', '?', '?', '?', '?']]}
2026-01-06 15:34:05.549 | DEBUG    | akagi.akagi:main_loop:1048 - <- {'type': 'none'}
2026-01-06 15:34:11.397 | DEBUG    | akagi.akagi:main_loop:1045 - -> {'type': 'dahai', 'actor': 2, 'pai': '1m', 'tsumogiri': False}
2026-01-06 15:34:11.397 | DEBUG    | akagi.akagi:main_loop:1048 - <- {'type': 'none'}
2026-01-06 15:34:11.896 | DEBUG    | akagi.akagi:main_loop:1045 - -> {'type': 'tsumo', 'actor': 3, 'pai': '?'}
2026-01-06 15:34:11.896 | DEBUG    | akagi.akagi:main_loop:1048 - <- {'type': 'none'}
2026-01-06 15:34:21.848 | DEBUG    | akagi.akagi:main_loop:1045 - -> {'type': 'dahai', 'actor': 3, 'pai': 'F', 'tsumogiri': False}
2026-01-06 15:34:21.849 | DEBUG    | akagi.akagi:main_loop:1048 - <- {'type': 'none'}
2026-01-06 15:34:22.347 | DEBUG    | akagi.akagi:main_loop:1045 - -> {'type': 'tsumo', 'actor': 0, 'pai': '3m'}
2026-01-06 15:34:22.353 | DEBUG    | akagi.akagi:main_loop:1048 - <- {'type': 'dahai', 'actor': 0, 'pai': '9p', 'tsumogiri': False, 'meta': {'q_values': [-2.924485, -2.5405862, -0.04053384, -4.098054, -3.2434013, 0.05977267, -3.4871, -3.7454245, -4.118843, -0.7152067, -1.3719785, -4.2033195], 'mask_bits': 3473035844, 'is_greedy': True, 'batch_size': 1, 'eval_time_ns': 5779126, 'shanten': 4, 'at_furiten': False}}
2026-01-06 15:34:25.846 | DEBUG    | akagi.akagi:main_loop:1045 - -> {'type': 'dahai', 'actor': 0, 'pai': '9p', 'tsumogiri': False}
2026-01-06 15:34:25.846 | DEBUG    | akagi.akagi:main_loop:1048 - <- {'type': 'none'}
2026-01-06 15:34:26.346 | DEBUG    | akagi.akagi:main_loop:1045 - -> {'type': 'tsumo', 'actor': 1, 'pai': '?'}
2026-01-06 15:34:26.346 | DEBUG    | akagi.akagi:main_loop:1048 - <- {'type': 'none'}
2026-01-06 15:34:28.447 | DEBUG    | akagi.akagi:main_loop:1045 - -> {'type': 'dahai', 'actor': 1, 'pai': 'C', 'tsumogiri': False}
2026-01-06 15:34:28.447 | DEBUG    | akagi.akagi:main_loop:1048 - <- {'type': 'none'}
2026-01-06 15:34:28.946 | DEBUG    | akagi.akagi:main_loop:1045 - -> {'type': 'tsumo', 'actor': 2, 'pai': '?'}
2026-01-06 15:34:28.946 | DEBUG    | akagi.akagi:main_loop:1048 - <- {'type': 'none'}
2026-01-06 15:34:30.498 | DEBUG    | akagi.akagi:main_loop:1045 - -> {'type': 'dahai', 'actor': 2, 'pai': 'P', 'tsumogiri': False}
2026-01-06 15:34:30.500 | DEBUG    | akagi.akagi:main_loop:1048 - <- {'type': 'pon', 'actor': 0, 'target': 2, 'pai': 'P', 'consumed': ['P', 'P'], 'meta': {'q_values': [-0.13100247, -0.50856453], 'mask_bits': 37383395344384, 'is_greedy': True, 'batch_size': 1, 'eval_time_ns': 2289833, 'shanten': 4, 'at_furiten': False}}
2026-01-06 15:34:35.897 | DEBUG    | akagi.akagi:main_loop:1045 - -> {'type': 'pon', 'actor': 0, 'target': 2, 'pai': 'P', 'consumed': ['P', 'P']}
2026-01-06 15:34:35.927 | DEBUG    | akagi.akagi:main_loop:1048 - <- {'type': 'dahai', 'actor': 0, 'pai': '1p', 'tsumogiri': False, 'meta': {'q_values': [-2.1653066, -1.9944788, 0.56214106, -4.073429, -4.048441, -5.684621, -4.611801, -5.011665, 0.010463845, -3.308256], 'mask_bits': 1325421124, 'is_greedy': True, 'batch_size': 1, 'eval_time_ns': 2125458, 'shanten': 3, 'at_furiten': False}}
2026-01-06 15:34:41.496 | DEBUG    | akagi.akagi:main_loop:1045 - -> {'type': 'dahai', 'actor': 0, 'pai': '1p', 'tsumogiri': False}
2026-01-06 15:34:41.496 | DEBUG    | akagi.akagi:main_loop:1048 - <- {'type': 'none'}
2026-01-06 15:34:41.996 | DEBUG    | akagi.akagi:main_loop:1045 - -> {'type': 'tsumo', 'actor': 1, 'pai': '?'}
2026-01-06 15:34:41.996 | DEBUG    | akagi.akagi:main_loop:1048 - <- {'type': 'none'}
2026-01-06 15:34:44.898 | DEBUG    | akagi.akagi:main_loop:1045 - -> {'type': 'reach', 'actor': 1}
2026-01-06 15:34:44.898 | DEBUG    | akagi.akagi:main_loop:1045 - -> {'type': 'dahai', 'actor': 1, 'pai': '5s', 'tsumogiri': False}
2026-01-06 15:34:44.898 | DEBUG    | akagi.akagi:main_loop:1048 - <- {'type': 'none'}
2026-01-06 15:34:45.396 | DEBUG    | akagi.akagi:main_loop:1045 - -> {'type': 'reach_accepted', 'actor': 1}
2026-01-06 15:34:45.396 | DEBUG    | akagi.akagi:main_loop:1045 - -> {'type': 'tsumo', 'actor': 2, 'pai': '?'}
2026-01-06 15:34:45.396 | DEBUG    | akagi.akagi:main_loop:1048 - <- {'type': 'none'}
2026-01-06 15:34:47.096 | DEBUG    | akagi.akagi:main_loop:1045 - -> {'type': 'dahai', 'actor': 2, 'pai': '5s', 'tsumogiri': True}
2026-01-06 15:34:47.096 | DEBUG    | akagi.akagi:main_loop:1048 - <- {'type': 'none'}
2026-01-06 15:34:48.947 | DEBUG    | akagi.akagi:main_loop:1045 - -> {'type': 'tsumo', 'actor': 3, 'pai': '?'}
2026-01-06 15:34:48.947 | DEBUG    | akagi.akagi:main_loop:1048 - <- {'type': 'none'}
2026-01-06 15:34:53.346 | DEBUG    | akagi.akagi:main_loop:1045 - -> {'type': 'dahai', 'actor': 3, 'pai': '8m', 'tsumogiri': False}
2026-01-06 15:34:53.347 | DEBUG    | akagi.akagi:main_loop:1048 - <- {'type': 'none'}
2026-01-06 15:34:53.846 | DEBUG    | akagi.akagi:main_loop:1045 - -> {'type': 'tsumo', 'actor': 0, 'pai': '2m'}
2026-01-06 15:34:53.853 | DEBUG    | akagi.akagi:main_loop:1048 - <- {'type': 'dahai', 'actor': 0, 'pai': 'E', 'tsumogiri': False, 'meta': {'q_values': [-4.680796, -5.230285, -1.904037, -3.3935084, -2.8245401, -3.8086858, -1.4593829, -3.6768336, 0.45457366, -0.8699267], 'mask_bits': 1325420614, 'is_greedy': True, 'batch_size': 1, 'eval_time_ns': 4244458, 'shanten': 3, 'at_furiten': False}}
2026-01-06 15:35:01.648 | DEBUG    | akagi.akagi:main_loop:1045 - -> {'type': 'dahai', 'actor': 0, 'pai': 'E', 'tsumogiri': False}
2026-01-06 15:35:01.648 | DEBUG    | akagi.akagi:main_loop:1048 - <- {'type': 'none'}
2026-01-06 15:35:02.147 | DEBUG    | akagi.akagi:main_loop:1045 - -> {'type': 'tsumo', 'actor': 1, 'pai': '?'}
2026-01-06 15:35:02.147 | DEBUG    | akagi.akagi:main_loop:1048 - <- {'type': 'none'}
2026-01-06 15:35:02.946 | DEBUG    | akagi.akagi:main_loop:1045 - -> {'type': 'dahai', 'actor': 1, 'pai': '7p', 'tsumogiri': True}
2026-01-06 15:35:02.947 | DEBUG    | akagi.akagi:main_loop:1048 - <- {'type': 'none'}
2026-01-06 15:35:04.647 | DEBUG    | akagi.akagi:main_loop:1045 - -> {'type': 'tsumo', 'actor': 2, 'pai': '?'}
2026-01-06 15:35:04.648 | DEBUG    | akagi.akagi:main_loop:1048 - <- {'type': 'none'}
2026-01-06 15:35:06.397 | DEBUG    | akagi.akagi:main_loop:1045 - -> {'type': 'dahai', 'actor': 2, 'pai': 'E', 'tsumogiri': False}
2026-01-06 15:35:06.397 | DEBUG    | akagi.akagi:main_loop:1048 - <- {'type': 'none'}
2026-01-06 15:35:06.896 | DEBUG    | akagi.akagi:main_loop:1045 - -> {'type': 'tsumo', 'actor': 3, 'pai': '?'}
2026-01-06 15:35:06.896 | DEBUG    | akagi.akagi:main_loop:1048 - <- {'type': 'none'}
2026-01-06 15:35:09.097 | DEBUG    | akagi.akagi:main_loop:1045 - -> {'type': 'dahai', 'actor': 3, 'pai': 'S', 'tsumogiri': True}
2026-01-06 15:35:09.097 | DEBUG    | akagi.akagi:main_loop:1048 - <- {'type': 'none'}
2026-01-06 15:35:09.597 | DEBUG    | akagi.akagi:main_loop:1045 - -> {'type': 'tsumo', 'actor': 0, 'pai': '3m'}
2026-01-06 15:35:09.605 | DEBUG    | akagi.akagi:main_loop:1048 - <- {'type': 'dahai', 'actor': 0, 'pai': 'N', 'tsumogiri': False, 'meta': {'q_values': [-2.6839585, -2.084307, -1.5658908, -1.3577406, -1.5891545, -2.7556505, -2.3344362, -3.3613236, 0.6315405], 'mask_bits': 1191202886, 'is_greedy': True, 'batch_size': 1, 'eval_time_ns': 2984125, 'shanten': 2, 'at_furiten': False}}
2026-01-06 15:35:13.597 | DEBUG    | akagi.akagi:main_loop:1045 - -> {'type': 'dahai', 'actor': 0, 'pai': 'N', 'tsumogiri': False}
2026-01-06 15:35:13.598 | DEBUG    | akagi.akagi:main_loop:1048 - <- {'type': 'none'}
2026-01-06 15:35:14.096 | DEBUG    | akagi.akagi:main_loop:1045 - -> {'type': 'tsumo', 'actor': 1, 'pai': '?'}
2026-01-06 15:35:14.096 | DEBUG    | akagi.akagi:main_loop:1048 - <- {'type': 'none'}
2026-01-06 15:35:14.900 | DEBUG    | akagi.akagi:main_loop:1045 - -> {'type': 'dahai', 'actor': 1, 'pai': '7s', 'tsumogiri': True}
2026-01-06 15:35:14.900 | DEBUG    | akagi.akagi:main_loop:1048 - <- {'type': 'none'}
2026-01-06 15:35:15.396 | DEBUG    | akagi.akagi:main_loop:1045 - -> {'type': 'tsumo', 'actor': 2, 'pai': '?'}
2026-01-06 15:35:15.396 | DEBUG    | akagi.akagi:main_loop:1048 - <- {'type': 'none'}
2026-01-06 15:35:17.146 | DEBUG    | akagi.akagi:main_loop:1045 - -> {'type': 'dahai', 'actor': 2, 'pai': 'N', 'tsumogiri': False}
2026-01-06 15:35:17.146 | DEBUG    | akagi.akagi:main_loop:1048 - <- {'type': 'none'}
2026-01-06 15:35:17.647 | DEBUG    | akagi.akagi:main_loop:1045 - -> {'type': 'tsumo', 'actor': 3, 'pai': '?'}
2026-01-06 15:35:17.647 | DEBUG    | akagi.akagi:main_loop:1048 - <- {'type': 'none'}
2026-01-06 15:35:20.747 | DEBUG    | akagi.akagi:main_loop:1045 - -> {'type': 'dahai', 'actor': 3, 'pai': '5s', 'tsumogiri': False}
2026-01-06 15:35:20.747 | DEBUG    | akagi.akagi:main_loop:1048 - <- {'type': 'none'}
2026-01-06 15:35:21.247 | DEBUG    | akagi.akagi:main_loop:1045 - -> {'type': 'tsumo', 'actor': 0, 'pai': '3p'}
2026-01-06 15:35:21.252 | DEBUG    | akagi.akagi:main_loop:1048 - <- {'type': 'dahai', 'actor': 0, 'pai': '7s', 'tsumogiri': False, 'meta': {'q_values': [-2.0210137, -4.26881, -1.571269, -4.491282, -3.3964477, -4.5510683, 0.5250787, -2.4816086, -2.9797494], 'mask_bits': 117463110, 'is_greedy': True, 'batch_size': 1, 'eval_time_ns': 4126625, 'shanten': 2, 'at_furiten': False}}
2026-01-06 15:35:27.947 | DEBUG    | akagi.akagi:main_loop:1045 - -> {'type': 'dahai', 'actor': 0, 'pai': '7s', 'tsumogiri': False}
2026-01-06 15:35:27.948 | DEBUG    | akagi.akagi:main_loop:1048 - <- {'type': 'none'}
2026-01-06 15:35:28.446 | DEBUG    | akagi.akagi:main_loop:1045 - -> {'type': 'tsumo', 'actor': 1, 'pai': '?'}
2026-01-06 15:35:28.446 | DEBUG    | akagi.akagi:main_loop:1048 - <- {'type': 'none'}
2026-01-06 15:35:29.247 | DEBUG    | akagi.akagi:main_loop:1045 - -> {'type': 'dahai', 'actor': 1, 'pai': '9p', 'tsumogiri': True}
2026-01-06 15:35:29.247 | DEBUG    | akagi.akagi:main_loop:1048 - <- {'type': 'none'}
2026-01-06 15:35:30.846 | DEBUG    | akagi.akagi:main_loop:1045 - -> {'type': 'tsumo', 'actor': 2, 'pai': '?'}
2026-01-06 15:35:30.846 | DEBUG    | akagi.akagi:main_loop:1048 - <- {'type': 'none'}
2026-01-06 15:35:32.447 | DEBUG    | akagi.akagi:main_loop:1045 - -> {'type': 'dahai', 'actor': 2, 'pai': 'W', 'tsumogiri': False}
2026-01-06 15:35:32.447 | DEBUG    | akagi.akagi:main_loop:1048 - <- {'type': 'none'}
2026-01-06 15:35:32.997 | DEBUG    | akagi.akagi:main_loop:1045 - -> {'type': 'tsumo', 'actor': 3, 'pai': '?'}
2026-01-06 15:35:32.997 | DEBUG    | akagi.akagi:main_loop:1048 - <- {'type': 'none'}
2026-01-06 15:35:35.899 | DEBUG    | akagi.akagi:main_loop:1045 - -> {'type': 'dahai', 'actor': 3, 'pai': '7s', 'tsumogiri': False}
2026-01-06 15:35:35.903 | DEBUG    | akagi.akagi:main_loop:1048 - <- {'type': 'none', 'meta': {'q_values': [-0.843284, -0.3178724], 'mask_bits': 35459249995776, 'is_greedy': True, 'batch_size': 1, 'eval_time_ns': 2895041, 'shanten': 2, 'at_furiten': False}}
2026-01-06 15:35:40.197 | DEBUG    | akagi.akagi:main_loop:1045 - -> {'type': 'tsumo', 'actor': 0, 'pai': '6s'}
2026-01-06 15:35:40.203 | DEBUG    | akagi.akagi:main_loop:1048 - <- {'type': 'dahai', 'actor': 0, 'pai': '9s', 'tsumogiri': False, 'meta': {'q_values': [-2.4469829, -2.9154923, -2.245863, -2.7380023, -1.766604, -2.4833927, -1.0467906, -0.3671214, -0.050319016], 'mask_bits': 109074502, 'is_greedy': True, 'batch_size': 1, 'eval_time_ns': 5325624, 'shanten': 2, 'at_furiten': False}}
2026-01-06 15:35:46.348 | DEBUG    | akagi.akagi:main_loop:1045 - -> {'type': 'dahai', 'actor': 0, 'pai': '9s', 'tsumogiri': False}
2026-01-06 15:35:46.348 | DEBUG    | akagi.akagi:main_loop:1048 - <- {'type': 'none'}
2026-01-06 15:35:46.847 | DEBUG    | akagi.akagi:main_loop:1045 - -> {'type': 'tsumo', 'actor': 1, 'pai': '?'}
2026-01-06 15:35:46.847 | DEBUG    | akagi.akagi:main_loop:1048 - <- {'type': 'none'}
2026-01-06 15:35:47.647 | DEBUG    | akagi.akagi:main_loop:1045 - -> {'type': 'dahai', 'actor': 1, 'pai': '7s', 'tsumogiri': True}
2026-01-06 15:35:47.647 | DEBUG    | akagi.akagi:main_loop:1048 - <- {'type': 'none'}
2026-01-06 15:35:48.146 | DEBUG    | akagi.akagi:main_loop:1045 - -> {'type': 'tsumo', 'actor': 2, 'pai': '?'}
2026-01-06 15:35:48.146 | DEBUG    | akagi.akagi:main_loop:1048 - <- {'type': 'none'}
2026-01-06 15:35:50.147 | DEBUG    | akagi.akagi:main_loop:1045 - -> {'type': 'dahai', 'actor': 2, 'pai': '5sr', 'tsumogiri': True}
2026-01-06 15:35:50.147 | DEBUG    | akagi.akagi:main_loop:1048 - <- {'type': 'none'}
2026-01-06 15:35:50.646 | DEBUG    | akagi.akagi:main_loop:1045 - -> {'type': 'tsumo', 'actor': 3, 'pai': '?'}
2026-01-06 15:35:50.647 | DEBUG    | akagi.akagi:main_loop:1048 - <- {'type': 'none'}
2026-01-06 15:35:53.846 | DEBUG    | akagi.akagi:main_loop:1045 - -> {'type': 'dahai', 'actor': 3, 'pai': '7p', 'tsumogiri': True}
2026-01-06 15:35:53.846 | DEBUG    | akagi.akagi:main_loop:1048 - <- {'type': 'none'}
2026-01-06 15:35:54.346 | DEBUG    | akagi.akagi:main_loop:1045 - -> {'type': 'tsumo', 'actor': 0, 'pai': 'C'}
2026-01-06 15:35:54.353 | DEBUG    | akagi.akagi:main_loop:1048 - <- {'type': 'dahai', 'actor': 0, 'pai': 'C', 'tsumogiri': True, 'meta': {'q_values': [-4.65721, -4.6571994, -3.8681362, -4.039647, -2.6367605, -3.555701, -1.6052303, -1.5616238, -0.14003581], 'mask_bits': 8631900230, 'is_greedy': True, 'batch_size': 1, 'eval_time_ns': 6059500, 'shanten': 2, 'at_furiten': False}}
2026-01-06 15:35:56.647 | DEBUG    | akagi.akagi:main_loop:1045 - -> {'type': 'dahai', 'actor': 0, 'pai': 'C', 'tsumogiri': True}
2026-01-06 15:35:56.647 | DEBUG    | akagi.akagi:main_loop:1048 - <- {'type': 'none'}
2026-01-06 15:35:57.146 | DEBUG    | akagi.akagi:main_loop:1045 - -> {'type': 'tsumo', 'actor': 1, 'pai': '?'}
2026-01-06 15:35:57.147 | DEBUG    | akagi.akagi:main_loop:1048 - <- {'type': 'none'}
2026-01-06 15:35:57.947 | DEBUG    | akagi.akagi:main_loop:1045 - -> {'type': 'dahai', 'actor': 1, 'pai': '8s', 'tsumogiri': True}
2026-01-06 15:35:57.947 | DEBUG    | akagi.akagi:main_loop:1048 - <- {'type': 'none'}
2026-01-06 15:35:59.598 | DEBUG    | akagi.akagi:main_loop:1045 - -> {'type': 'tsumo', 'actor': 2, 'pai': '?'}
2026-01-06 15:35:59.598 | DEBUG    | akagi.akagi:main_loop:1048 - <- {'type': 'none'}
2026-01-06 15:36:01.697 | DEBUG    | akagi.akagi:main_loop:1045 - -> {'type': 'dahai', 'actor': 2, 'pai': '8s', 'tsumogiri': False}
2026-01-06 15:36:01.697 | DEBUG    | akagi.akagi:main_loop:1048 - <- {'type': 'none'}
2026-01-06 15:36:02.196 | DEBUG    | akagi.akagi:main_loop:1045 - -> {'type': 'tsumo', 'actor': 3, 'pai': '?'}
2026-01-06 15:36:02.196 | DEBUG    | akagi.akagi:main_loop:1048 - <- {'type': 'none'}
2026-01-06 15:36:07.746 | DEBUG    | akagi.akagi:main_loop:1045 - -> {'type': 'dahai', 'actor': 3, 'pai': '1p', 'tsumogiri': False}
2026-01-06 15:36:07.746 | DEBUG    | akagi.akagi:main_loop:1048 - <- {'type': 'none'}
2026-01-06 15:36:08.247 | DEBUG    | akagi.akagi:main_loop:1045 - -> {'type': 'tsumo', 'actor': 0, 'pai': '9s'}
2026-01-06 15:36:08.253 | DEBUG    | akagi.akagi:main_loop:1048 - <- {'type': 'dahai', 'actor': 0, 'pai': '8s', 'tsumogiri': False, 'meta': {'q_values': [-5.5164757, -6.00771, -4.812759, -5.321112, -3.6852322, -5.199104, -2.260121, -0.35761747, -0.5728346], 'mask_bits': 109074502, 'is_greedy': True, 'batch_size': 1, 'eval_time_ns': 5285874, 'shanten': 2, 'at_furiten': False}}
2026-01-06 15:36:11.198 | DEBUG    | akagi.akagi:main_loop:1045 - -> {'type': 'dahai', 'actor': 0, 'pai': '8s', 'tsumogiri': False}
2026-01-06 15:36:11.198 | DEBUG    | akagi.akagi:main_loop:1048 - <- {'type': 'none'}
2026-01-06 15:36:11.696 | DEBUG    | akagi.akagi:main_loop:1045 - -> {'type': 'tsumo', 'actor': 1, 'pai': '?'}
2026-01-06 15:36:11.696 | DEBUG    | akagi.akagi:main_loop:1048 - <- {'type': 'none'}
2026-01-06 15:36:12.547 | DEBUG    | akagi.akagi:main_loop:1045 - -> {'type': 'dahai', 'actor': 1, 'pai': '8p', 'tsumogiri': True}
2026-01-06 15:36:12.547 | DEBUG    | akagi.akagi:main_loop:1048 - <- {'type': 'none'}
2026-01-06 15:36:14.696 | DEBUG    | akagi.akagi:main_loop:1045 - -> {'type': 'tsumo', 'actor': 2, 'pai': '?'}
2026-01-06 15:36:14.697 | DEBUG    | akagi.akagi:main_loop:1048 - <- {'type': 'none'}
2026-01-06 15:36:16.946 | DEBUG    | akagi.akagi:main_loop:1045 - -> {'type': 'dahai', 'actor': 2, 'pai': '8s', 'tsumogiri': False}
2026-01-06 15:36:16.947 | DEBUG    | akagi.akagi:main_loop:1048 - <- {'type': 'none'}
2026-01-06 15:36:17.447 | DEBUG    | akagi.akagi:main_loop:1045 - -> {'type': 'tsumo', 'actor': 3, 'pai': '?'}
2026-01-06 15:36:17.447 | DEBUG    | akagi.akagi:main_loop:1048 - <- {'type': 'none'}
2026-01-06 15:36:19.847 | DEBUG    | akagi.akagi:main_loop:1045 - -> {'type': 'dahai', 'actor': 3, 'pai': 'S', 'tsumogiri': True}
2026-01-06 15:36:19.847 | DEBUG    | akagi.akagi:main_loop:1048 - <- {'type': 'none'}
2026-01-06 15:36:20.347 | DEBUG    | akagi.akagi:main_loop:1045 - -> {'type': 'tsumo', 'actor': 0, 'pai': '1m'}
2026-01-06 15:36:20.377 | DEBUG    | akagi.akagi:main_loop:1048 - <- {'type': 'dahai', 'actor': 0, 'pai': '9s', 'tsumogiri': False, 'meta': {'q_values': [-2.6844835, -3.2107909, -3.6651397, -3.638327, -3.3350148, -2.0572631, -3.5789065, -1.5230316, 0.20554361], 'mask_bits': 75520071, 'is_greedy': True, 'batch_size': 1, 'eval_time_ns': 28043292, 'shanten': 3, 'at_furiten': False}}
2026-01-06 15:36:27.797 | DEBUG    | akagi.akagi:main_loop:1045 - -> {'type': 'dahai', 'actor': 0, 'pai': '9s', 'tsumogiri': False}
2026-01-06 15:36:27.798 | DEBUG    | akagi.akagi:main_loop:1048 - <- {'type': 'none'}
2026-01-06 15:36:28.297 | DEBUG    | akagi.akagi:main_loop:1045 - -> {'type': 'tsumo', 'actor': 1, 'pai': '?'}
2026-01-06 15:36:28.298 | DEBUG    | akagi.akagi:main_loop:1048 - <- {'type': 'none'}
2026-01-06 15:36:29.097 | DEBUG    | akagi.akagi:main_loop:1045 - -> {'type': 'dahai', 'actor': 1, 'pai': 'S', 'tsumogiri': True}
2026-01-06 15:36:29.097 | DEBUG    | akagi.akagi:main_loop:1048 - <- {'type': 'none'}
2026-01-06 15:36:29.597 | DEBUG    | akagi.akagi:main_loop:1045 - -> {'type': 'tsumo', 'actor': 2, 'pai': '?'}
2026-01-06 15:36:29.597 | DEBUG    | akagi.akagi:main_loop:1048 - <- {'type': 'none'}
2026-01-06 15:36:31.247 | DEBUG    | akagi.akagi:main_loop:1045 - -> {'type': 'dahai', 'actor': 2, 'pai': 'P', 'tsumogiri': False}
2026-01-06 15:36:31.247 | DEBUG    | akagi.akagi:main_loop:1048 - <- {'type': 'none'}
2026-01-06 15:36:31.748 | DEBUG    | akagi.akagi:main_loop:1045 - -> {'type': 'tsumo', 'actor': 3, 'pai': '?'}
2026-01-06 15:36:31.748 | DEBUG    | akagi.akagi:main_loop:1048 - <- {'type': 'none'}
2026-01-06 15:36:34.697 | DEBUG    | akagi.akagi:main_loop:1045 - -> {'type': 'dahai', 'actor': 3, 'pai': '1m', 'tsumogiri': True}
2026-01-06 15:36:34.701 | DEBUG    | akagi.akagi:main_loop:1048 - <- {'type': 'none', 'meta': {'q_values': [-3.7848625, -0.39212954], 'mask_bits': 35459249995776, 'is_greedy': True, 'batch_size': 1, 'eval_time_ns': 3867418, 'shanten': 2, 'at_furiten': False}}
2026-01-06 15:36:39.147 | DEBUG    | akagi.akagi:main_loop:1045 - -> {'type': 'tsumo', 'actor': 0, 'pai': '5p'}
2026-01-06 15:36:39.150 | DEBUG    | akagi.akagi:main_loop:1048 - <- {'type': 'dahai', 'actor': 0, 'pai': '6s', 'tsumogiri': False, 'meta': {'q_values': [-0.4895662, -3.430109, -2.523449, -2.0239592, -3.7701063, -3.2159786, -4.0224247, -4.470689, 0.16860592], 'mask_bits': 8419399, 'is_greedy': True, 'batch_size': 1, 'eval_time_ns': 2663584, 'shanten': 2, 'at_furiten': False}}
2026-01-06 15:36:47.147 | DEBUG    | akagi.akagi:main_loop:1045 - -> {'type': 'dahai', 'actor': 0, 'pai': '6s', 'tsumogiri': False}
2026-01-06 15:36:47.148 | DEBUG    | akagi.akagi:main_loop:1048 - <- {'type': 'none'}
2026-01-06 15:36:47.647 | DEBUG    | akagi.akagi:main_loop:1045 - -> {'type': 'tsumo', 'actor': 1, 'pai': '?'}
2026-01-06 15:36:47.648 | DEBUG    | akagi.akagi:main_loop:1048 - <- {'type': 'none'}
2026-01-06 15:36:48.447 | DEBUG    | akagi.akagi:main_loop:1045 - -> {'type': 'dahai', 'actor': 1, 'pai': '3p', 'tsumogiri': True}
2026-01-06 15:36:48.448 | DEBUG    | akagi.akagi:main_loop:1048 - <- {'type': 'none'}
2026-01-06 15:36:48.969 | DEBUG    | akagi.akagi:main_loop:1045 - -> {'type': 'tsumo', 'actor': 2, 'pai': '?'}
2026-01-06 15:36:48.969 | DEBUG    | akagi.akagi:main_loop:1048 - <- {'type': 'none'}
2026-01-06 15:36:51.447 | DEBUG    | akagi.akagi:main_loop:1045 - -> {'type': 'dahai', 'actor': 2, 'pai': '3p', 'tsumogiri': False}
2026-01-06 15:36:51.448 | DEBUG    | akagi.akagi:main_loop:1048 - <- {'type': 'none'}
2026-01-06 15:36:53.298 | DEBUG    | akagi.akagi:main_loop:1045 - -> {'type': 'tsumo', 'actor': 3, 'pai': '?'}
2026-01-06 15:36:53.298 | DEBUG    | akagi.akagi:main_loop:1048 - <- {'type': 'none'}
2026-01-06 15:36:54.796 | DEBUG    | akagi.akagi:main_loop:1045 - -> {'type': 'dahai', 'actor': 3, 'pai': 'W', 'tsumogiri': True}
2026-01-06 15:36:54.796 | DEBUG    | akagi.akagi:main_loop:1048 - <- {'type': 'none'}
2026-01-06 15:36:55.299 | DEBUG    | akagi.akagi:main_loop:1045 - -> {'type': 'tsumo', 'actor': 0, 'pai': '1s'}
2026-01-06 15:36:55.302 | DEBUG    | akagi.akagi:main_loop:1048 - <- {'type': 'dahai', 'actor': 0, 'pai': '3p', 'tsumogiri': False, 'meta': {'q_values': [-1.1707225, -3.3096063, -2.3661492, -1.7309942, 0.74293274, -2.9616275, -3.4411442, -2.7285914, -0.210702], 'mask_bits': 292935, 'is_greedy': True, 'batch_size': 1, 'eval_time_ns': 3341750, 'shanten': 1, 'at_furiten': False}}
2026-01-06 15:36:58.647 | DEBUG    | akagi.akagi:main_loop:1045 - -> {'type': 'dahai', 'actor': 0, 'pai': '3p', 'tsumogiri': False}
2026-01-06 15:36:58.647 | DEBUG    | akagi.akagi:main_loop:1048 - <- {'type': 'none'}
2026-01-06 15:36:59.146 | DEBUG    | akagi.akagi:main_loop:1045 - -> {'type': 'tsumo', 'actor': 1, 'pai': '?'}
2026-01-06 15:36:59.147 | DEBUG    | akagi.akagi:main_loop:1048 - <- {'type': 'none'}
2026-01-06 15:37:00.047 | DEBUG    | akagi.akagi:main_loop:1045 - -> {'type': 'dahai', 'actor': 1, 'pai': '8p', 'tsumogiri': True}
2026-01-06 15:37:00.047 | DEBUG    | akagi.akagi:main_loop:1048 - <- {'type': 'none'}
2026-01-06 15:37:01.798 | DEBUG    | akagi.akagi:main_loop:1045 - -> {'type': 'tsumo', 'actor': 2, 'pai': '?'}
2026-01-06 15:37:01.799 | DEBUG    | akagi.akagi:main_loop:1048 - <- {'type': 'none'}
2026-01-06 15:37:03.497 | DEBUG    | akagi.akagi:main_loop:1045 - -> {'type': 'dahai', 'actor': 2, 'pai': 'F', 'tsumogiri': True}
2026-01-06 15:37:03.497 | DEBUG    | akagi.akagi:main_loop:1048 - <- {'type': 'none'}
2026-01-06 15:37:03.996 | DEBUG    | akagi.akagi:main_loop:1045 - -> {'type': 'tsumo', 'actor': 3, 'pai': '?'}
2026-01-06 15:37:03.996 | DEBUG    | akagi.akagi:main_loop:1048 - <- {'type': 'none'}
2026-01-06 15:37:05.647 | DEBUG    | akagi.akagi:main_loop:1045 - -> {'type': 'dahai', 'actor': 3, 'pai': 'F', 'tsumogiri': True}
2026-01-06 15:37:05.647 | DEBUG    | akagi.akagi:main_loop:1048 - <- {'type': 'none'}
2026-01-06 15:37:06.147 | DEBUG    | akagi.akagi:main_loop:1045 - -> {'type': 'tsumo', 'actor': 0, 'pai': '4s'}
2026-01-06 15:37:06.158 | DEBUG    | akagi.akagi:main_loop:1048 - <- {'type': 'dahai', 'actor': 0, 'pai': '1m', 'tsumogiri': False, 'meta': {'q_values': [-0.15599686, -2.7296884, -2.6678987, -2.293387, -0.36215073, -1.8250818, -1.3264384, -0.6333455, -1.7290137], 'mask_bits': 2388039, 'is_greedy': True, 'batch_size': 1, 'eval_time_ns': 1836833, 'shanten': 2, 'at_furiten': False}}
2026-01-06 15:37:12.146 | DEBUG    | akagi.akagi:main_loop:1045 - -> {'type': 'dahai', 'actor': 0, 'pai': '1m', 'tsumogiri': False}
2026-01-06 15:37:12.147 | DEBUG    | akagi.akagi:main_loop:1048 - <- {'type': 'none'}
2026-01-06 15:37:13.846 | DEBUG    | akagi.akagi:main_loop:1045 - -> {'type': 'tsumo', 'actor': 1, 'pai': '?'}
2026-01-06 15:37:13.846 | DEBUG    | akagi.akagi:main_loop:1048 - <- {'type': 'none'}
2026-01-06 15:37:14.646 | DEBUG    | akagi.akagi:main_loop:1045 - -> {'type': 'dahai', 'actor': 1, 'pai': '9p', 'tsumogiri': True}
2026-01-06 15:37:14.646 | DEBUG    | akagi.akagi:main_loop:1048 - <- {'type': 'none'}
2026-01-06 15:37:15.147 | DEBUG    | akagi.akagi:main_loop:1045 - -> {'type': 'tsumo', 'actor': 2, 'pai': '?'}
2026-01-06 15:37:15.147 | DEBUG    | akagi.akagi:main_loop:1048 - <- {'type': 'none'}
2026-01-06 15:37:16.797 | DEBUG    | akagi.akagi:main_loop:1045 - -> {'type': 'dahai', 'actor': 2, 'pai': 'F', 'tsumogiri': False}
2026-01-06 15:37:16.797 | DEBUG    | akagi.akagi:main_loop:1048 - <- {'type': 'none'}
2026-01-06 15:37:17.297 | DEBUG    | akagi.akagi:main_loop:1045 - -> {'type': 'tsumo', 'actor': 3, 'pai': '?'}
2026-01-06 15:37:17.297 | DEBUG    | akagi.akagi:main_loop:1048 - <- {'type': 'none'}
2026-01-06 15:37:19.347 | DEBUG    | akagi.akagi:main_loop:1045 - -> {'type': 'dahai', 'actor': 3, 'pai': 'N', 'tsumogiri': True}
2026-01-06 15:37:19.348 | DEBUG    | akagi.akagi:main_loop:1048 - <- {'type': 'none'}
2026-01-06 15:37:19.849 | DEBUG    | akagi.akagi:main_loop:1045 - -> {'type': 'tsumo', 'actor': 0, 'pai': 'C'}
2026-01-06 15:37:19.866 | DEBUG    | akagi.akagi:main_loop:1048 - <- {'type': 'dahai', 'actor': 0, 'pai': 'C', 'tsumogiri': True, 'meta': {'q_values': [-4.510492, -5.4761844, -4.780518, -3.5794845, -4.8486257, -2.9717789, -3.562653, -4.7209764, 0.31846988], 'mask_bits': 8592322630, 'is_greedy': True, 'batch_size': 1, 'eval_time_ns': 1851042, 'shanten': 3, 'at_furiten': False}}
2026-01-06 15:37:22.697 | DEBUG    | akagi.akagi:main_loop:1045 - -> {'type': 'dahai', 'actor': 0, 'pai': 'C', 'tsumogiri': True}
2026-01-06 15:37:22.697 | DEBUG    | akagi.akagi:main_loop:1048 - <- {'type': 'none'}
2026-01-06 15:37:23.197 | DEBUG    | akagi.akagi:main_loop:1045 - -> {'type': 'tsumo', 'actor': 1, 'pai': '?'}
2026-01-06 15:37:23.197 | DEBUG    | akagi.akagi:main_loop:1048 - <- {'type': 'none'}
2026-01-06 15:37:23.997 | DEBUG    | akagi.akagi:main_loop:1045 - -> {'type': 'dahai', 'actor': 1, 'pai': '1p', 'tsumogiri': True}
2026-01-06 15:37:23.997 | DEBUG    | akagi.akagi:main_loop:1048 - <- {'type': 'none'}
2026-01-06 15:37:24.497 | DEBUG    | akagi.akagi:main_loop:1045 - -> {'type': 'tsumo', 'actor': 2, 'pai': '?'}
2026-01-06 15:37:24.497 | DEBUG    | akagi.akagi:main_loop:1048 - <- {'type': 'none'}
2026-01-06 15:37:27.196 | DEBUG    | akagi.akagi:main_loop:1045 - -> {'type': 'dahai', 'actor': 2, 'pai': '6p', 'tsumogiri': False}
2026-01-06 15:37:27.197 | DEBUG    | akagi.akagi:main_loop:1048 - <- {'type': 'none'}
2026-01-06 15:37:27.696 | DEBUG    | akagi.akagi:main_loop:1045 - -> {'type': 'tsumo', 'actor': 3, 'pai': '?'}
2026-01-06 15:37:27.697 | DEBUG    | akagi.akagi:main_loop:1048 - <- {'type': 'none'}
2026-01-06 15:37:30.454 | DEBUG    | akagi.akagi:main_loop:1045 - -> {'type': 'dahai', 'actor': 3, 'pai': '6s', 'tsumogiri': False}
2026-01-06 15:37:30.454 | DEBUG    | akagi.akagi:main_loop:1048 - <- {'type': 'none'}
2026-01-06 15:37:30.947 | DEBUG    | akagi.akagi:main_loop:1045 - -> {'type': 'tsumo', 'actor': 0, 'pai': '6p'}
2026-01-06 15:37:30.953 | DEBUG    | akagi.akagi:main_loop:1048 - <- {'type': 'dahai', 'actor': 0, 'pai': '6p', 'tsumogiri': True, 'meta': {'q_values': [-5.103942, -5.916236, -5.7294207, -4.4872227, -5.6190233, 0.1074388, -4.0576305, -5.480974], 'mask_bits': 2388038, 'is_greedy': True, 'batch_size': 1, 'eval_time_ns': 3206500, 'shanten': 3, 'at_furiten': False}}
2026-01-06 15:37:35.048 | DEBUG    | akagi.akagi:main_loop:1045 - -> {'type': 'dahai', 'actor': 0, 'pai': '6p', 'tsumogiri': True}
2026-01-06 15:37:35.049 | DEBUG    | akagi.akagi:main_loop:1048 - <- {'type': 'none'}
2026-01-06 15:37:35.546 | DEBUG    | akagi.akagi:main_loop:1045 - -> {'type': 'tsumo', 'actor': 1, 'pai': '?'}
2026-01-06 15:37:35.547 | DEBUG    | akagi.akagi:main_loop:1048 - <- {'type': 'none'}
2026-01-06 15:37:36.397 | DEBUG    | akagi.akagi:main_loop:1045 - -> {'type': 'dahai', 'actor': 1, 'pai': '2s', 'tsumogiri': True}
2026-01-06 15:37:36.397 | DEBUG    | akagi.akagi:main_loop:1048 - <- {'type': 'none'}
2026-01-06 15:37:36.846 | DEBUG    | akagi.akagi:main_loop:1045 - -> {'type': 'tsumo', 'actor': 2, 'pai': '?'}
2026-01-06 15:37:36.846 | DEBUG    | akagi.akagi:main_loop:1048 - <- {'type': 'none'}
2026-01-06 15:37:39.046 | DEBUG    | akagi.akagi:main_loop:1045 - -> {'type': 'dahai', 'actor': 2, 'pai': '2s', 'tsumogiri': False}
2026-01-06 15:37:39.047 | DEBUG    | akagi.akagi:main_loop:1048 - <- {'type': 'none'}
2026-01-06 15:37:40.747 | DEBUG    | akagi.akagi:main_loop:1045 - -> {'type': 'tsumo', 'actor': 3, 'pai': '?'}
2026-01-06 15:37:40.747 | DEBUG    | akagi.akagi:main_loop:1048 - <- {'type': 'none'}
2026-01-06 15:37:42.297 | DEBUG    | akagi.akagi:main_loop:1045 - -> {'type': 'dahai', 'actor': 3, 'pai': 'S', 'tsumogiri': True}
2026-01-06 15:37:42.297 | DEBUG    | akagi.akagi:main_loop:1048 - <- {'type': 'none'}
2026-01-06 15:37:42.797 | DEBUG    | akagi.akagi:main_loop:1045 - -> {'type': 'tsumo', 'actor': 0, 'pai': '7p'}
2026-01-06 15:37:42.809 | DEBUG    | akagi.akagi:main_loop:1048 - <- {'type': 'dahai', 'actor': 0, 'pai': '6p', 'tsumogiri': False, 'meta': {'q_values': [-4.9000306, -5.445984, -5.1445346, -3.7960534, -5.3768497, -0.075692594, -3.1442032, -3.2233458, -4.6680565], 'mask_bits': 2420806, 'is_greedy': True, 'batch_size': 1, 'eval_time_ns': 9375875, 'shanten': 3, 'at_furiten': False}}
2026-01-06 15:37:48.548 | DEBUG    | akagi.akagi:main_loop:1045 - -> {'type': 'dahai', 'actor': 0, 'pai': '6p', 'tsumogiri': False}
2026-01-06 15:37:48.549 | DEBUG    | akagi.akagi:main_loop:1048 - <- {'type': 'none'}
2026-01-06 15:37:49.047 | DEBUG    | akagi.akagi:main_loop:1045 - -> {'type': 'tsumo', 'actor': 1, 'pai': '?'}
2026-01-06 15:37:49.047 | DEBUG    | akagi.akagi:main_loop:1048 - <- {'type': 'none'}
2026-01-06 15:37:49.847 | DEBUG    | akagi.akagi:main_loop:1045 - -> {'type': 'dahai', 'actor': 1, 'pai': '2p', 'tsumogiri': True}
2026-01-06 15:37:49.851 | DEBUG    | akagi.akagi:main_loop:1048 - <- {'type': 'none'}
2026-01-06 15:37:51.597 | DEBUG    | akagi.akagi:main_loop:1045 - -> {'type': 'tsumo', 'actor': 2, 'pai': '?'}
2026-01-06 15:37:51.597 | DEBUG    | akagi.akagi:main_loop:1048 - <- {'type': 'none'}
2026-01-06 15:37:53.798 | DEBUG    | akagi.akagi:main_loop:1045 - -> {'type': 'dahai', 'actor': 2, 'pai': '2p', 'tsumogiri': False}
2026-01-06 15:37:53.799 | DEBUG    | akagi.akagi:main_loop:1048 - <- {'type': 'none'}
2026-01-06 15:37:55.547 | DEBUG    | akagi.akagi:main_loop:1045 - -> {'type': 'tsumo', 'actor': 3, 'pai': '?'}
2026-01-06 15:37:55.547 | DEBUG    | akagi.akagi:main_loop:1048 - <- {'type': 'none'}
2026-01-06 15:37:58.296 | DEBUG    | akagi.akagi:main_loop:1045 - -> {'type': 'dahai', 'actor': 3, 'pai': '2s', 'tsumogiri': True}
2026-01-06 15:37:58.297 | DEBUG    | akagi.akagi:main_loop:1048 - <- {'type': 'none'}
2026-01-06 15:37:58.797 | DEBUG    | akagi.akagi:main_loop:1045 - -> {'type': 'tsumo', 'actor': 0, 'pai': '5mr'}
2026-01-06 15:37:58.803 | DEBUG    | akagi.akagi:main_loop:1048 - <- {'type': 'dahai', 'actor': 0, 'pai': '7p', 'tsumogiri': False, 'meta': {'q_values': [-3.0747342, -3.5591588, -3.234283, -1.3137534, -1.2674177, 0.06020403, -1.4366691, -2.1985252, -3.7712083], 'mask_bits': 17182273606, 'is_greedy': True, 'batch_size': 1, 'eval_time_ns': 5524916, 'shanten': 3, 'at_furiten': False}}
2026-01-06 15:38:01.498 | DEBUG    | akagi.akagi:main_loop:1045 - -> {'type': 'dahai', 'actor': 0, 'pai': '7p', 'tsumogiri': False}
2026-01-06 15:38:01.498 | DEBUG    | akagi.akagi:main_loop:1048 - <- {'type': 'none'}
2026-01-06 15:38:01.996 | DEBUG    | akagi.akagi:main_loop:1045 - -> {'type': 'tsumo', 'actor': 1, 'pai': '?'}
2026-01-06 15:38:01.997 | DEBUG    | akagi.akagi:main_loop:1048 - <- {'type': 'none'}
2026-01-06 15:38:02.797 | DEBUG    | akagi.akagi:main_loop:1045 - -> {'type': 'dahai', 'actor': 1, 'pai': '6s', 'tsumogiri': True}
2026-01-06 15:38:02.797 | DEBUG    | akagi.akagi:main_loop:1048 - <- {'type': 'none'}
2026-01-06 15:38:03.297 | DEBUG    | akagi.akagi:main_loop:1045 - -> {'type': 'tsumo', 'actor': 2, 'pai': '?'}
2026-01-06 15:38:03.297 | DEBUG    | akagi.akagi:main_loop:1048 - <- {'type': 'none'}
2026-01-06 15:38:05.096 | DEBUG    | akagi.akagi:main_loop:1045 - -> {'type': 'dahai', 'actor': 2, 'pai': '9p', 'tsumogiri': False}
2026-01-06 15:38:05.096 | DEBUG    | akagi.akagi:main_loop:1048 - <- {'type': 'none'}
2026-01-06 15:38:05.597 | DEBUG    | akagi.akagi:main_loop:1045 - -> {'type': 'tsumo', 'actor': 3, 'pai': '?'}
2026-01-06 15:38:05.597 | DEBUG    | akagi.akagi:main_loop:1048 - <- {'type': 'none'}
2026-01-06 15:38:07.597 | DEBUG    | akagi.akagi:main_loop:1045 - -> {'type': 'dahai', 'actor': 3, 'pai': '9s', 'tsumogiri': True}
2026-01-06 15:38:07.597 | DEBUG    | akagi.akagi:main_loop:1048 - <- {'type': 'none'}
2026-01-06 15:38:08.097 | DEBUG    | akagi.akagi:main_loop:1045 - -> {'type': 'tsumo', 'actor': 0, 'pai': '6s'}
2026-01-06 15:38:08.107 | DEBUG    | akagi.akagi:main_loop:1048 - <- {'type': 'dahai', 'actor': 0, 'pai': '6s', 'tsumogiri': True, 'meta': {'q_values': [-6.3253927, -6.563097, -5.903778, -5.061491, -4.697364, -4.7152443, -5.034897, -0.017508268, -6.636571], 'mask_bits': 17190629446, 'is_greedy': True, 'batch_size': 1, 'eval_time_ns': 8872833, 'shanten': 3, 'at_furiten': False}}
2026-01-06 15:38:12.397 | DEBUG    | akagi.akagi:main_loop:1045 - -> {'type': 'dahai', 'actor': 0, 'pai': '6s', 'tsumogiri': True}
2026-01-06 15:38:12.397 | DEBUG    | akagi.akagi:main_loop:1048 - <- {'type': 'none'}
2026-01-06 15:38:12.898 | DEBUG    | akagi.akagi:main_loop:1045 - -> {'type': 'tsumo', 'actor': 1, 'pai': '?'}
2026-01-06 15:38:12.898 | DEBUG    | akagi.akagi:main_loop:1048 - <- {'type': 'none'}
2026-01-06 15:38:13.706 | DEBUG    | akagi.akagi:main_loop:1045 - -> {'type': 'dahai', 'actor': 1, 'pai': '2m', 'tsumogiri': True}
2026-01-06 15:38:13.707 | DEBUG    | akagi.akagi:main_loop:1048 - <- {'type': 'none'}
2026-01-06 15:38:14.196 | DEBUG    | akagi.akagi:main_loop:1045 - -> {'type': 'tsumo', 'actor': 2, 'pai': '?'}
2026-01-06 15:38:14.196 | DEBUG    | akagi.akagi:main_loop:1048 - <- {'type': 'none'}
2026-01-06 15:38:15.896 | DEBUG    | akagi.akagi:main_loop:1045 - -> {'type': 'dahai', 'actor': 2, 'pai': 'N', 'tsumogiri': True}
2026-01-06 15:38:15.896 | DEBUG    | akagi.akagi:main_loop:1048 - <- {'type': 'none'}
2026-01-06 15:38:16.396 | DEBUG    | akagi.akagi:main_loop:1045 - -> {'type': 'tsumo', 'actor': 3, 'pai': '?'}
2026-01-06 15:38:16.397 | DEBUG    | akagi.akagi:main_loop:1048 - <- {'type': 'none'}
2026-01-06 15:38:20.597 | DEBUG    | akagi.akagi:main_loop:1045 - -> {'type': 'dahai', 'actor': 3, 'pai': '3p', 'tsumogiri': True}
2026-01-06 15:38:20.602 | DEBUG    | akagi.akagi:main_loop:1048 - <- {'type': 'none', 'meta': {'q_values': [-1.8417585, -0.12922192], 'mask_bits': 35459249995776, 'is_greedy': True, 'batch_size': 1, 'eval_time_ns': 3168376, 'shanten': 3, 'at_furiten': False}}
2026-01-06 15:38:25.148 | DEBUG    | akagi.akagi:main_loop:1045 - -> {'type': 'tsumo', 'actor': 0, 'pai': '6m'}
2026-01-06 15:38:25.150 | DEBUG    | akagi.akagi:main_loop:1048 - <- {'type': 'dahai', 'actor': 0, 'pai': '2m', 'tsumogiri': False, 'meta': {'q_values': [0.17614806, -4.5113063, -6.0692286, -5.357016, -2.993925, -2.6127515, -2.8896322, -3.5792627, -4.6830473], 'mask_bits': 17182240870, 'is_greedy': True, 'batch_size': 1, 'eval_time_ns': 2071959, 'shanten': 3, 'at_furiten': False}}
2026-01-06 15:38:29.248 | DEBUG    | akagi.akagi:main_loop:1045 - -> {'type': 'dahai', 'actor': 0, 'pai': '2m', 'tsumogiri': False}
2026-01-06 15:38:29.248 | DEBUG    | akagi.akagi:main_loop:1048 - <- {'type': 'none'}
2026-01-06 15:38:29.747 | DEBUG    | akagi.akagi:main_loop:1045 - -> {'type': 'tsumo', 'actor': 1, 'pai': '?'}
2026-01-06 15:38:29.748 | DEBUG    | akagi.akagi:main_loop:1048 - <- {'type': 'none'}
2026-01-06 15:38:30.546 | DEBUG    | akagi.akagi:main_loop:1045 - -> {'type': 'dahai', 'actor': 1, 'pai': '7p', 'tsumogiri': True}
2026-01-06 15:38:30.547 | DEBUG    | akagi.akagi:main_loop:1048 - <- {'type': 'none'}
2026-01-06 15:38:31.048 | DEBUG    | akagi.akagi:main_loop:1045 - -> {'type': 'end_kyoku'}
2026-01-06 15:38:31.048 | DEBUG    | akagi.akagi:main_loop:1048 - <- {'type': 'none'}
2026-01-06 15:38:44.948 | DEBUG    | akagi.akagi:main_loop:1045 - -> {'type': 'start_kyoku', 'bakaze': 'E', 'dora_marker': '9m', 'honba': 3, 'kyoku': 4, 'kyotaku': 1, 'oya': 3, 'scores': [24000, 8000, 43000, 24000], 'tehais': [['5m', '6m', '9m', '1p', '2p', '5pr', '5p', '9p', '1s', '5s', '9s', 'P', 'C'], ['?', '?', '?', '?', '?', '?', '?', '?', '?', '?', '?', '?', '?'], ['?', '?', '?', '?', '?', '?', '?', '?', '?', '?', '?', '?', '?'], ['?', '?', '?', '?', '?', '?', '?', '?', '?', '?', '?', '?', '?']]}
2026-01-06 15:38:44.948 | DEBUG    | akagi.akagi:main_loop:1048 - <- {'type': 'none'}
2026-01-06 15:38:50.148 | DEBUG    | akagi.akagi:main_loop:1045 - -> {'type': 'dahai', 'actor': 3, 'pai': 'C', 'tsumogiri': False}
2026-01-06 15:38:50.148 | DEBUG    | akagi.akagi:main_loop:1048 - <- {'type': 'none'}
2026-01-06 15:38:50.647 | DEBUG    | akagi.akagi:main_loop:1045 - -> {'type': 'tsumo', 'actor': 0, 'pai': '9p'}
2026-01-06 15:38:50.650 | DEBUG    | akagi.akagi:main_loop:1048 - <- {'type': 'dahai', 'actor': 0, 'pai': '9m', 'tsumogiri': False, 'meta': {'q_values': [-4.4216013, -3.0613132, 1.0237261, -4.7077503, -4.075199, -4.5293603, -4.85909, -1.0409168, -2.5724933, -0.18937716, -2.5216725, -1.2153727, -5.620903], 'mask_bits': 45168863024, 'is_greedy': True, 'batch_size': 1, 'eval_time_ns': 2800542, 'shanten': 5, 'at_furiten': False}}
2026-01-06 15:38:54.197 | DEBUG    | akagi.akagi:main_loop:1045 - -> {'type': 'dahai', 'actor': 0, 'pai': '9m', 'tsumogiri': False}
2026-01-06 15:38:54.198 | DEBUG    | akagi.akagi:main_loop:1048 - <- {'type': 'none'}
2026-01-06 15:38:54.697 | DEBUG    | akagi.akagi:main_loop:1045 - -> {'type': 'tsumo', 'actor': 1, 'pai': '?'}
2026-01-06 15:38:54.698 | DEBUG    | akagi.akagi:main_loop:1048 - <- {'type': 'none'}
2026-01-06 15:38:56.697 | DEBUG    | akagi.akagi:main_loop:1045 - -> {'type': 'dahai', 'actor': 1, 'pai': '8s', 'tsumogiri': False}
2026-01-06 15:38:56.698 | DEBUG    | akagi.akagi:main_loop:1048 - <- {'type': 'none'}
2026-01-06 15:38:57.197 | DEBUG    | akagi.akagi:main_loop:1045 - -> {'type': 'tsumo', 'actor': 2, 'pai': '?'}
2026-01-06 15:38:57.197 | DEBUG    | akagi.akagi:main_loop:1048 - <- {'type': 'none'}
2026-01-06 15:38:58.748 | DEBUG    | akagi.akagi:main_loop:1045 - -> {'type': 'dahai', 'actor': 2, 'pai': '9p', 'tsumogiri': False}
2026-01-06 15:38:58.751 | DEBUG    | akagi.akagi:main_loop:1048 - <- {'type': 'none', 'meta': {'q_values': [-2.1056523, 0.009804606], 'mask_bits': 37383395344384, 'is_greedy': True, 'batch_size': 1, 'eval_time_ns': 2214125, 'shanten': 4, 'at_furiten': False}}
2026-01-06 15:39:02.898 | DEBUG    | akagi.akagi:main_loop:1045 - -> {'type': 'tsumo', 'actor': 3, 'pai': '?'}
2026-01-06 15:39:02.898 | DEBUG    | akagi.akagi:main_loop:1048 - <- {'type': 'none'}
2026-01-06 15:39:04.648 | DEBUG    | akagi.akagi:main_loop:1045 - -> {'type': 'dahai', 'actor': 3, 'pai': 'N', 'tsumogiri': False}
2026-01-06 15:39:04.648 | DEBUG    | akagi.akagi:main_loop:1048 - <- {'type': 'none'}
2026-01-06 15:39:05.147 | DEBUG    | akagi.akagi:main_loop:1045 - -> {'type': 'tsumo', 'actor': 0, 'pai': '9m'}
2026-01-06 15:39:05.156 | DEBUG    | akagi.akagi:main_loop:1048 - <- {'type': 'dahai', 'actor': 0, 'pai': '9m', 'tsumogiri': True, 'meta': {'q_values': [-4.9753575, -3.648618, 1.2369497, -4.6841044, -4.008288, -4.967707, -3.945965, -1.8640394, -2.9820518, -0.8915067, -3.3226607, -2.4413934, -5.518938], 'mask_bits': 45168863024, 'is_greedy': True, 'batch_size': 1, 'eval_time_ns': 8526291, 'shanten': 4, 'at_furiten': False}}
2026-01-06 15:39:09.699 | DEBUG    | akagi.akagi:main_loop:1045 - -> {'type': 'dahai', 'actor': 0, 'pai': '9m', 'tsumogiri': True}
2026-01-06 15:39:09.700 | DEBUG    | akagi.akagi:main_loop:1048 - <- {'type': 'none'}
2026-01-06 15:39:10.196 | DEBUG    | akagi.akagi:main_loop:1045 - -> {'type': 'tsumo', 'actor': 1, 'pai': '?'}
2026-01-06 15:39:10.196 | DEBUG    | akagi.akagi:main_loop:1048 - <- {'type': 'none'}
2026-01-06 15:39:13.797 | DEBUG    | akagi.akagi:main_loop:1045 - -> {'type': 'dahai', 'actor': 1, 'pai': '8s', 'tsumogiri': True}
2026-01-06 15:39:13.797 | DEBUG    | akagi.akagi:main_loop:1048 - <- {'type': 'none'}
2026-01-06 15:39:14.297 | DEBUG    | akagi.akagi:main_loop:1045 - -> {'type': 'tsumo', 'actor': 2, 'pai': '?'}
2026-01-06 15:39:14.297 | DEBUG    | akagi.akagi:main_loop:1048 - <- {'type': 'none'}
2026-01-06 15:39:15.597 | DEBUG    | akagi.akagi:main_loop:1045 - -> {'type': 'dahai', 'actor': 2, 'pai': 'E', 'tsumogiri': False}
2026-01-06 15:39:15.598 | DEBUG    | akagi.akagi:main_loop:1048 - <- {'type': 'none'}
2026-01-06 15:39:16.097 | DEBUG    | akagi.akagi:main_loop:1045 - -> {'type': 'tsumo', 'actor': 3, 'pai': '?'}
2026-01-06 15:39:16.097 | DEBUG    | akagi.akagi:main_loop:1048 - <- {'type': 'none'}
2026-01-06 15:39:17.548 | DEBUG    | akagi.akagi:main_loop:1045 - -> {'type': 'dahai', 'actor': 3, 'pai': 'E', 'tsumogiri': False}
2026-01-06 15:39:17.548 | DEBUG    | akagi.akagi:main_loop:1048 - <- {'type': 'none'}
2026-01-06 15:39:18.047 | DEBUG    | akagi.akagi:main_loop:1045 - -> {'type': 'tsumo', 'actor': 0, 'pai': '4m'}
2026-01-06 15:39:18.056 | DEBUG    | akagi.akagi:main_loop:1048 - <- {'type': 'dahai', 'actor': 0, 'pai': '9s', 'tsumogiri': False, 'meta': {'q_values': [-5.44042, -6.4508066, -5.574372, -3.5537934, -3.800089, -5.289765, -2.6508408, 0.0033403635, -4.0715656, 0.50494206, -1.3699487, -0.86569834, -6.1888385], 'mask_bits': 45168862776, 'is_greedy': True, 'batch_size': 1, 'eval_time_ns': 2016708, 'shanten': 4, 'at_furiten': False}}
2026-01-06 15:39:24.150 | DEBUG    | akagi.akagi:main_loop:1045 - -> {'type': 'dahai', 'actor': 0, 'pai': '9s', 'tsumogiri': False}
2026-01-06 15:39:24.150 | DEBUG    | akagi.akagi:main_loop:1048 - <- {'type': 'none'}
2026-01-06 15:39:24.647 | DEBUG    | akagi.akagi:main_loop:1045 - -> {'type': 'tsumo', 'actor': 1, 'pai': '?'}
2026-01-06 15:39:24.648 | DEBUG    | akagi.akagi:main_loop:1048 - <- {'type': 'none'}
2026-01-06 15:39:26.949 | DEBUG    | akagi.akagi:main_loop:1045 - -> {'type': 'dahai', 'actor': 1, 'pai': '4p', 'tsumogiri': True}
2026-01-06 15:39:26.949 | DEBUG    | akagi.akagi:main_loop:1048 - <- {'type': 'none'}
2026-01-06 15:39:27.447 | DEBUG    | akagi.akagi:main_loop:1045 - -> {'type': 'tsumo', 'actor': 2, 'pai': '?'}
2026-01-06 15:39:27.447 | DEBUG    | akagi.akagi:main_loop:1048 - <- {'type': 'none'}
2026-01-06 15:39:29.047 | DEBUG    | akagi.akagi:main_loop:1045 - -> {'type': 'dahai', 'actor': 2, 'pai': 'F', 'tsumogiri': False}
2026-01-06 15:39:29.047 | DEBUG    | akagi.akagi:main_loop:1048 - <- {'type': 'none'}
2026-01-06 15:39:30.947 | DEBUG    | akagi.akagi:main_loop:1045 - -> {'type': 'pon', 'actor': 1, 'target': 2, 'pai': 'F', 'consumed': ['F', 'F']}
2026-01-06 15:39:30.947 | DEBUG    | akagi.akagi:main_loop:1048 - <- {'type': 'none'}
2026-01-06 15:39:32.747 | DEBUG    | akagi.akagi:main_loop:1045 - -> {'type': 'dahai', 'actor': 1, 'pai': '4s', 'tsumogiri': False}
2026-01-06 15:39:32.747 | DEBUG    | akagi.akagi:main_loop:1048 - <- {'type': 'none'}
2026-01-06 15:39:34.597 | DEBUG    | akagi.akagi:main_loop:1045 - -> {'type': 'tsumo', 'actor': 2, 'pai': '?'}
2026-01-06 15:39:34.597 | DEBUG    | akagi.akagi:main_loop:1048 - <- {'type': 'none'}
2026-01-06 15:39:36.146 | DEBUG    | akagi.akagi:main_loop:1045 - -> {'type': 'dahai', 'actor': 2, 'pai': '1p', 'tsumogiri': False}
2026-01-06 15:39:36.147 | DEBUG    | akagi.akagi:main_loop:1048 - <- {'type': 'none'}
2026-01-06 15:39:36.647 | DEBUG    | akagi.akagi:main_loop:1045 - -> {'type': 'tsumo', 'actor': 3, 'pai': '?'}
2026-01-06 15:39:36.647 | DEBUG    | akagi.akagi:main_loop:1048 - <- {'type': 'none'}
2026-01-06 15:39:38.547 | DEBUG    | akagi.akagi:main_loop:1045 - -> {'type': 'dahai', 'actor': 3, 'pai': '8s', 'tsumogiri': False}
2026-01-06 15:39:38.548 | DEBUG    | akagi.akagi:main_loop:1048 - <- {'type': 'none'}
2026-01-06 15:39:39.012 | DEBUG    | akagi.akagi:main_loop:1045 - -> {'type': 'tsumo', 'actor': 0, 'pai': '2p'}
2026-01-06 15:39:39.034 | DEBUG    | akagi.akagi:main_loop:1048 - <- {'type': 'dahai', 'actor': 0, 'pai': '1s', 'tsumogiri': False, 'meta': {'q_values': [-4.4207444, -5.6274548, -4.3653536, -1.2934843, -3.2785006, -5.1000075, -2.2209077, 1.0442046, -2.6681194, -0.33774987, 0.07109961, -6.6348724], 'mask_bits': 45101753912, 'is_greedy': True, 'batch_size': 1, 'eval_time_ns': 1371083, 'shanten': 3, 'at_furiten': False}}
2026-01-06 15:39:43.948 | DEBUG    | akagi.akagi:main_loop:1045 - -> {'type': 'dahai', 'actor': 0, 'pai': '1s', 'tsumogiri': False}
2026-01-06 15:39:43.949 | DEBUG    | akagi.akagi:main_loop:1048 - <- {'type': 'none'}
2026-01-06 15:39:44.447 | DEBUG    | akagi.akagi:main_loop:1045 - -> {'type': 'tsumo', 'actor': 1, 'pai': '?'}
2026-01-06 15:39:44.448 | DEBUG    | akagi.akagi:main_loop:1048 - <- {'type': 'none'}
2026-01-06 15:39:47.999 | DEBUG    | akagi.akagi:main_loop:1045 - -> {'type': 'dahai', 'actor': 1, 'pai': '4m', 'tsumogiri': False}
2026-01-06 15:39:47.999 | DEBUG    | akagi.akagi:main_loop:1048 - <- {'type': 'none'}
2026-01-06 15:39:49.797 | DEBUG    | akagi.akagi:main_loop:1045 - -> {'type': 'tsumo', 'actor': 2, 'pai': '?'}
2026-01-06 15:39:49.797 | DEBUG    | akagi.akagi:main_loop:1048 - <- {'type': 'none'}
2026-01-06 15:39:52.248 | DEBUG    | akagi.akagi:main_loop:1045 - -> {'type': 'dahai', 'actor': 2, 'pai': '3s', 'tsumogiri': False}
2026-01-06 15:39:52.248 | DEBUG    | akagi.akagi:main_loop:1048 - <- {'type': 'none'}
2026-01-06 15:39:59.696 | DEBUG    | akagi.akagi:main_loop:1045 - -> {'type': 'pon', 'actor': 1, 'target': 2, 'pai': '3s', 'consumed': ['3s', '3s']}
2026-01-06 15:39:59.697 | DEBUG    | akagi.akagi:main_loop:1048 - <- {'type': 'none'}
2026-01-06 15:40:01.747 | DEBUG    | akagi.akagi:main_loop:1045 - -> {'type': 'dahai', 'actor': 1, 'pai': 'P', 'tsumogiri': False}
2026-01-06 15:40:01.747 | DEBUG    | akagi.akagi:main_loop:1048 - <- {'type': 'none'}
2026-01-06 15:40:02.247 | DEBUG    | akagi.akagi:main_loop:1045 - -> {'type': 'tsumo', 'actor': 2, 'pai': '?'}
2026-01-06 15:40:02.247 | DEBUG    | akagi.akagi:main_loop:1048 - <- {'type': 'none'}
2026-01-06 15:40:03.747 | DEBUG    | akagi.akagi:main_loop:1045 - -> {'type': 'dahai', 'actor': 2, 'pai': 'S', 'tsumogiri': True}
2026-01-06 15:40:03.747 | DEBUG    | akagi.akagi:main_loop:1048 - <- {'type': 'none'}
2026-01-06 15:40:05.597 | DEBUG    | akagi.akagi:main_loop:1045 - -> {'type': 'pon', 'actor': 1, 'target': 2, 'pai': 'S', 'consumed': ['S', 'S']}
2026-01-06 15:40:05.598 | DEBUG    | akagi.akagi:main_loop:1048 - <- {'type': 'none'}
2026-01-06 15:40:07.347 | DEBUG    | akagi.akagi:main_loop:1045 - -> {'type': 'dahai', 'actor': 1, 'pai': 'W', 'tsumogiri': False}
2026-01-06 15:40:07.347 | DEBUG    | akagi.akagi:main_loop:1048 - <- {'type': 'none'}
2026-01-06 15:40:07.847 | DEBUG    | akagi.akagi:main_loop:1045 - -> {'type': 'tsumo', 'actor': 2, 'pai': '?'}
2026-01-06 15:40:07.848 | DEBUG    | akagi.akagi:main_loop:1048 - <- {'type': 'none'}
2026-01-06 15:40:09.947 | DEBUG    | akagi.akagi:main_loop:1045 - -> {'type': 'dahai', 'actor': 2, 'pai': '4p', 'tsumogiri': False}
2026-01-06 15:40:09.947 | DEBUG    | akagi.akagi:main_loop:1048 - <- {'type': 'none'}
2026-01-06 15:40:12.247 | DEBUG    | akagi.akagi:main_loop:1045 - -> {'type': 'tsumo', 'actor': 3, 'pai': '?'}
2026-01-06 15:40:12.247 | DEBUG    | akagi.akagi:main_loop:1048 - <- {'type': 'none'}
2026-01-06 15:40:14.647 | DEBUG    | akagi.akagi:main_loop:1045 - -> {'type': 'reach', 'actor': 3}
2026-01-06 15:40:14.648 | DEBUG    | akagi.akagi:main_loop:1045 - -> {'type': 'dahai', 'actor': 3, 'pai': '2s', 'tsumogiri': False}
2026-01-06 15:40:14.648 | DEBUG    | akagi.akagi:main_loop:1048 - <- {'type': 'none'}
2026-01-06 15:40:15.147 | DEBUG    | akagi.akagi:main_loop:1045 - -> {'type': 'reach_accepted', 'actor': 3}
2026-01-06 15:40:15.147 | DEBUG    | akagi.akagi:main_loop:1045 - -> {'type': 'tsumo', 'actor': 0, 'pai': 'N'}
2026-01-06 15:40:15.176 | DEBUG    | akagi.akagi:main_loop:1048 - <- {'type': 'dahai', 'actor': 0, 'pai': 'N', 'tsumogiri': True, 'meta': {'q_values': [-6.0746856, -7.17236, -6.2029567, -4.120237, -4.9605274, -4.9631724, -3.7545438, -3.6901689, 0.062185526, -1.5836213, -0.4318819, -5.2967896], 'mask_bits': 46175233592, 'is_greedy': True, 'batch_size': 1, 'eval_time_ns': 2402000, 'shanten': 3, 'at_furiten': False}}
2026-01-06 15:40:19.101 | DEBUG    | akagi.akagi:main_loop:1045 - -> {'type': 'dahai', 'actor': 0, 'pai': 'N', 'tsumogiri': True}
2026-01-06 15:40:19.101 | DEBUG    | akagi.akagi:main_loop:1048 - <- {'type': 'none'}
2026-01-06 15:40:19.600 | DEBUG    | akagi.akagi:main_loop:1045 - -> {'type': 'tsumo', 'actor': 1, 'pai': '?'}
2026-01-06 15:40:19.600 | DEBUG    | akagi.akagi:main_loop:1048 - <- {'type': 'none'}
2026-01-06 15:40:21.148 | DEBUG    | akagi.akagi:main_loop:1045 - -> {'type': 'dahai', 'actor': 1, 'pai': 'N', 'tsumogiri': True}
2026-01-06 15:40:21.149 | DEBUG    | akagi.akagi:main_loop:1048 - <- {'type': 'none'}
2026-01-06 15:40:21.698 | DEBUG    | akagi.akagi:main_loop:1045 - -> {'type': 'tsumo', 'actor': 2, 'pai': '?'}
2026-01-06 15:40:21.698 | DEBUG    | akagi.akagi:main_loop:1048 - <- {'type': 'none'}
2026-01-06 15:40:24.052 | DEBUG    | akagi.akagi:main_loop:1045 - -> {'type': 'dahai', 'actor': 2, 'pai': '5sr', 'tsumogiri': False}
2026-01-06 15:40:24.052 | DEBUG    | akagi.akagi:main_loop:1048 - <- {'type': 'none'}
2026-01-06 15:40:24.597 | DEBUG    | akagi.akagi:main_loop:1045 - -> {'type': 'tsumo', 'actor': 3, 'pai': '?'}
2026-01-06 15:40:24.598 | DEBUG    | akagi.akagi:main_loop:1048 - <- {'type': 'none'}
2026-01-06 15:40:25.397 | DEBUG    | akagi.akagi:main_loop:1045 - -> {'type': 'dahai', 'actor': 3, 'pai': '1s', 'tsumogiri': True}
2026-01-06 15:40:25.397 | DEBUG    | akagi.akagi:main_loop:1048 - <- {'type': 'none'}
2026-01-06 15:40:25.897 | DEBUG    | akagi.akagi:main_loop:1045 - -> {'type': 'tsumo', 'actor': 0, 'pai': '1p'}
2026-01-06 15:40:25.903 | DEBUG    | akagi.akagi:main_loop:1048 - <- {'type': 'dahai', 'actor': 0, 'pai': 'C', 'tsumogiri': False, 'meta': {'q_values': [-5.617606, -6.633581, -5.997348, -3.5240128, -4.2018914, -4.7104735, -2.9712126, -0.08793396, -0.79242843, -0.076767385, -5.252166], 'mask_bits': 45101491768, 'is_greedy': True, 'batch_size': 1, 'eval_time_ns': 2279750, 'shanten': 3, 'at_furiten': False}}
2026-01-06 15:40:27.697 | DEBUG    | akagi.akagi:main_loop:1045 - -> {'type': 'dahai', 'actor': 0, 'pai': 'C', 'tsumogiri': False}
2026-01-06 15:40:27.698 | DEBUG    | akagi.akagi:main_loop:1048 - <- {'type': 'none'}
2026-01-06 15:40:28.197 | DEBUG    | akagi.akagi:main_loop:1045 - -> {'type': 'tsumo', 'actor': 1, 'pai': '?'}
2026-01-06 15:40:28.197 | DEBUG    | akagi.akagi:main_loop:1048 - <- {'type': 'none'}
2026-01-06 15:40:31.247 | DEBUG    | akagi.akagi:main_loop:1045 - -> {'type': 'dahai', 'actor': 1, 'pai': '1m', 'tsumogiri': True}
2026-01-06 15:40:31.247 | DEBUG    | akagi.akagi:main_loop:1048 - <- {'type': 'none'}
2026-01-06 15:40:32.997 | DEBUG    | akagi.akagi:main_loop:1045 - -> {'type': 'tsumo', 'actor': 2, 'pai': '?'}
2026-01-06 15:40:32.998 | DEBUG    | akagi.akagi:main_loop:1048 - <- {'type': 'none'}
2026-01-06 15:40:34.598 | DEBUG    | akagi.akagi:main_loop:1045 - -> {'type': 'dahai', 'actor': 2, 'pai': '1m', 'tsumogiri': False}
2026-01-06 15:40:34.598 | DEBUG    | akagi.akagi:main_loop:1048 - <- {'type': 'none'}
2026-01-06 15:40:35.097 | DEBUG    | akagi.akagi:main_loop:1045 - -> {'type': 'tsumo', 'actor': 3, 'pai': '?'}
2026-01-06 15:40:35.097 | DEBUG    | akagi.akagi:main_loop:1048 - <- {'type': 'none'}
2026-01-06 15:40:35.897 | DEBUG    | akagi.akagi:main_loop:1045 - -> {'type': 'dahai', 'actor': 3, 'pai': '8s', 'tsumogiri': True}
2026-01-06 15:40:35.897 | DEBUG    | akagi.akagi:main_loop:1048 - <- {'type': 'none'}
2026-01-06 15:40:36.396 | DEBUG    | akagi.akagi:main_loop:1045 - -> {'type': 'tsumo', 'actor': 0, 'pai': '3m'}
2026-01-06 15:40:36.402 | DEBUG    | akagi.akagi:main_loop:1048 - <- {'type': 'dahai', 'actor': 0, 'pai': 'P', 'tsumogiri': False, 'meta': {'q_values': [-4.6245413, -3.826468, -5.542721, -5.1724663, -1.9317805, -2.5562124, -3.5693073, -1.4535199, -0.25307715, 0.7021271, -4.2753687], 'mask_bits': 36511557180, 'is_greedy': True, 'batch_size': 1, 'eval_time_ns': 2470458, 'shanten': 2, 'at_furiten': False}}
2026-01-06 15:40:39.547 | DEBUG    | akagi.akagi:main_loop:1045 - -> {'type': 'dahai', 'actor': 0, 'pai': 'P', 'tsumogiri': False}
2026-01-06 15:40:39.548 | DEBUG    | akagi.akagi:main_loop:1048 - <- {'type': 'none'}
2026-01-06 15:40:40.047 | DEBUG    | akagi.akagi:main_loop:1045 - -> {'type': 'tsumo', 'actor': 1, 'pai': '?'}
2026-01-06 15:40:40.047 | DEBUG    | akagi.akagi:main_loop:1048 - <- {'type': 'none'}
2026-01-06 15:40:41.898 | DEBUG    | akagi.akagi:main_loop:1045 - -> {'type': 'dahai', 'actor': 1, 'pai': '2s', 'tsumogiri': True}
2026-01-06 15:40:41.898 | DEBUG    | akagi.akagi:main_loop:1048 - <- {'type': 'none'}
2026-01-06 15:40:42.397 | DEBUG    | akagi.akagi:main_loop:1045 - -> {'type': 'tsumo', 'actor': 2, 'pai': '?'}
2026-01-06 15:40:42.397 | DEBUG    | akagi.akagi:main_loop:1048 - <- {'type': 'none'}
2026-01-06 15:40:43.898 | DEBUG    | akagi.akagi:main_loop:1045 - -> {'type': 'dahai', 'actor': 2, 'pai': '9s', 'tsumogiri': True}
2026-01-06 15:40:43.898 | DEBUG    | akagi.akagi:main_loop:1048 - <- {'type': 'none'}
2026-01-06 15:40:44.397 | DEBUG    | akagi.akagi:main_loop:1045 - -> {'type': 'tsumo', 'actor': 3, 'pai': '?'}
2026-01-06 15:40:44.398 | DEBUG    | akagi.akagi:main_loop:1048 - <- {'type': 'none'}
2026-01-06 15:40:48.348 | DEBUG    | akagi.akagi:main_loop:1045 - -> {'type': 'end_kyoku'}
2026-01-06 15:40:48.348 | DEBUG    | akagi.akagi:main_loop:1048 - <- {'type': 'none'}
2026-01-06 15:41:07.398 | DEBUG    | akagi.akagi:main_loop:1045 - -> {'type': 'start_kyoku', 'bakaze': 'E', 'dora_marker': '8p', 'honba': 4, 'kyoku': 4, 'kyotaku': 0, 'oya': 3, 'scores': [22400, 6400, 41400, 29800], 'tehais': [['1m', '3m', '9m', '3p', '7p', '7p', '2s', '3s', '4s', 'S', 'N', 'P', 'F'], ['?', '?', '?', '?', '?', '?', '?', '?', '?', '?', '?', '?', '?'], ['?', '?', '?', '?', '?', '?', '?', '?', '?', '?', '?', '?', '?'], ['?', '?', '?', '?', '?', '?', '?', '?', '?', '?', '?', '?', '?']]}
2026-01-06 15:41:07.399 | DEBUG    | akagi.akagi:main_loop:1048 - <- {'type': 'none'}
2026-01-06 15:41:10.797 | DEBUG    | akagi.akagi:main_loop:1045 - -> {'type': 'dahai', 'actor': 3, 'pai': 'P', 'tsumogiri': False}
2026-01-06 15:41:10.797 | DEBUG    | akagi.akagi:main_loop:1048 - <- {'type': 'none'}
2026-01-06 15:41:11.297 | DEBUG    | akagi.akagi:main_loop:1045 - -> {'type': 'tsumo', 'actor': 0, 'pai': 'W'}
2026-01-06 15:41:11.300 | DEBUG    | akagi.akagi:main_loop:1048 - <- {'type': 'dahai', 'actor': 0, 'pai': '9m', 'tsumogiri': False, 'meta': {'q_values': [-4.020858, -3.9679005, 0.066427544, -3.9144294, -5.0105305, -5.6913605, -6.2932205, -3.8906467, -2.8653007, -0.31587952, -0.115227625, -0.9722051, -2.249453], 'mask_bits': 8325204229, 'is_greedy': True, 'batch_size': 1, 'eval_time_ns': 2437333, 'shanten': 4, 'at_furiten': False}}
2026-01-06 15:41:17.298 | DEBUG    | akagi.akagi:main_loop:1045 - -> {'type': 'dahai', 'actor': 0, 'pai': '9m', 'tsumogiri': False}
2026-01-06 15:41:17.299 | DEBUG    | akagi.akagi:main_loop:1048 - <- {'type': 'none'}
2026-01-06 15:41:17.797 | DEBUG    | akagi.akagi:main_loop:1045 - -> {'type': 'tsumo', 'actor': 1, 'pai': '?'}
2026-01-06 15:41:17.798 | DEBUG    | akagi.akagi:main_loop:1048 - <- {'type': 'none'}
2026-01-06 15:41:22.898 | DEBUG    | akagi.akagi:main_loop:1045 - -> {'type': 'dahai', 'actor': 1, 'pai': '3p', 'tsumogiri': False}
2026-01-06 15:41:22.899 | DEBUG    | akagi.akagi:main_loop:1048 - <- {'type': 'none'}
2026-01-06 15:41:23.398 | DEBUG    | akagi.akagi:main_loop:1045 - -> {'type': 'tsumo', 'actor': 2, 'pai': '?'}
2026-01-06 15:41:23.398 | DEBUG    | akagi.akagi:main_loop:1048 - <- {'type': 'none'}
2026-01-06 15:41:24.747 | DEBUG    | akagi.akagi:main_loop:1045 - -> {'type': 'dahai', 'actor': 2, 'pai': 'S', 'tsumogiri': False}
2026-01-06 15:41:24.747 | DEBUG    | akagi.akagi:main_loop:1048 - <- {'type': 'none'}
2026-01-06 15:41:25.247 | DEBUG    | akagi.akagi:main_loop:1045 - -> {'type': 'tsumo', 'actor': 3, 'pai': '?'}
2026-01-06 15:41:25.247 | DEBUG    | akagi.akagi:main_loop:1048 - <- {'type': 'none'}
2026-01-06 15:41:26.948 | DEBUG    | akagi.akagi:main_loop:1045 - -> {'type': 'dahai', 'actor': 3, 'pai': 'W', 'tsumogiri': False}
2026-01-06 15:41:26.948 | DEBUG    | akagi.akagi:main_loop:1048 - <- {'type': 'none'}
2026-01-06 15:41:27.448 | DEBUG    | akagi.akagi:main_loop:1045 - -> {'type': 'tsumo', 'actor': 0, 'pai': '6s'}
2026-01-06 15:41:27.459 | DEBUG    | akagi.akagi:main_loop:1048 - <- {'type': 'dahai', 'actor': 0, 'pai': 'W', 'tsumogiri': False, 'meta': {'q_values': [-1.9389791, -1.9457762, -1.8832078, -3.0738597, -4.4178815, -5.3383493, -4.461925, -2.3499088, -0.7361822, 0.6345935, -0.502195, -1.2339246, -1.7716076], 'mask_bits': 8333592581, 'is_greedy': True, 'batch_size': 1, 'eval_time_ns': 10411958, 'shanten': 4, 'at_furiten': False}}
2026-01-06 15:41:30.998 | DEBUG    | akagi.akagi:main_loop:1045 - -> {'type': 'dahai', 'actor': 0, 'pai': 'W', 'tsumogiri': False}
2026-01-06 15:41:30.998 | DEBUG    | akagi.akagi:main_loop:1048 - <- {'type': 'none'}
2026-01-06 15:41:31.498 | DEBUG    | akagi.akagi:main_loop:1045 - -> {'type': 'tsumo', 'actor': 1, 'pai': '?'}
2026-01-06 15:41:31.498 | DEBUG    | akagi.akagi:main_loop:1048 - <- {'type': 'none'}
2026-01-06 15:41:34.298 | DEBUG    | akagi.akagi:main_loop:1045 - -> {'type': 'dahai', 'actor': 1, 'pai': '1m', 'tsumogiri': False}
2026-01-06 15:41:34.299 | DEBUG    | akagi.akagi:main_loop:1048 - <- {'type': 'none'}
2026-01-06 15:41:34.797 | DEBUG    | akagi.akagi:main_loop:1045 - -> {'type': 'tsumo', 'actor': 2, 'pai': '?'}
2026-01-06 15:41:34.798 | DEBUG    | akagi.akagi:main_loop:1048 - <- {'type': 'none'}
2026-01-06 15:41:36.147 | DEBUG    | akagi.akagi:main_loop:1045 - -> {'type': 'dahai', 'actor': 2, 'pai': 'P', 'tsumogiri': False}
2026-01-06 15:41:36.147 | DEBUG    | akagi.akagi:main_loop:1048 - <- {'type': 'none'}
2026-01-06 15:41:36.647 | DEBUG    | akagi.akagi:main_loop:1045 - -> {'type': 'tsumo', 'actor': 3, 'pai': '?'}
2026-01-06 15:41:36.647 | DEBUG    | akagi.akagi:main_loop:1048 - <- {'type': 'none'}
2026-01-06 15:41:38.248 | DEBUG    | akagi.akagi:main_loop:1045 - -> {'type': 'dahai', 'actor': 3, 'pai': 'E', 'tsumogiri': False}
2026-01-06 15:41:38.248 | DEBUG    | akagi.akagi:main_loop:1048 - <- {'type': 'none'}
2026-01-06 15:41:38.748 | DEBUG    | akagi.akagi:main_loop:1045 - -> {'type': 'tsumo', 'actor': 0, 'pai': '6s'}
2026-01-06 15:41:38.762 | DEBUG    | akagi.akagi:main_loop:1048 - <- {'type': 'dahai', 'actor': 0, 'pai': 'N', 'tsumogiri': False, 'meta': {'q_values': [-1.9807267, -2.7929091, -2.79409, -4.205002, -5.2784176, -6.27661, -5.5555453, -4.028091, -1.3022797, 0.20043057, 0.17020696, -1.0026472], 'mask_bits': 7796721669, 'is_greedy': True, 'batch_size': 1, 'eval_time_ns': 2340000, 'shanten': 4, 'at_furiten': False}}
2026-01-06 15:41:40.499 | DEBUG    | akagi.akagi:main_loop:1045 - -> {'type': 'dahai', 'actor': 0, 'pai': 'N', 'tsumogiri': False}
2026-01-06 15:41:40.500 | DEBUG    | akagi.akagi:main_loop:1048 - <- {'type': 'none'}
2026-01-06 15:41:40.998 | DEBUG    | akagi.akagi:main_loop:1045 - -> {'type': 'tsumo', 'actor': 1, 'pai': '?'}
2026-01-06 15:41:40.998 | DEBUG    | akagi.akagi:main_loop:1048 - <- {'type': 'none'}
2026-01-06 15:41:44.299 | DEBUG    | akagi.akagi:main_loop:1045 - -> {'type': 'dahai', 'actor': 1, 'pai': '1s', 'tsumogiri': False}
2026-01-06 15:41:44.299 | DEBUG    | akagi.akagi:main_loop:1048 - <- {'type': 'none'}
2026-01-06 15:41:44.797 | DEBUG    | akagi.akagi:main_loop:1045 - -> {'type': 'tsumo', 'actor': 2, 'pai': '?'}
2026-01-06 15:41:44.797 | DEBUG    | akagi.akagi:main_loop:1048 - <- {'type': 'none'}
2026-01-06 15:41:46.248 | DEBUG    | akagi.akagi:main_loop:1045 - -> {'type': 'dahai', 'actor': 2, 'pai': 'P', 'tsumogiri': True}
2026-01-06 15:41:46.248 | DEBUG    | akagi.akagi:main_loop:1048 - <- {'type': 'none'}
2026-01-06 15:41:46.747 | DEBUG    | akagi.akagi:main_loop:1045 - -> {'type': 'tsumo', 'actor': 3, 'pai': '?'}
2026-01-06 15:41:46.747 | DEBUG    | akagi.akagi:main_loop:1048 - <- {'type': 'none'}
2026-01-06 15:41:49.948 | DEBUG    | akagi.akagi:main_loop:1045 - -> {'type': 'dahai', 'actor': 3, 'pai': '1p', 'tsumogiri': False}
2026-01-06 15:41:49.949 | DEBUG    | akagi.akagi:main_loop:1048 - <- {'type': 'none'}
2026-01-06 15:41:50.448 | DEBUG    | akagi.akagi:main_loop:1045 - -> {'type': 'tsumo', 'actor': 0, 'pai': '6s'}
2026-01-06 15:41:50.459 | DEBUG    | akagi.akagi:main_loop:1048 - <- {'type': 'dahai', 'actor': 0, 'pai': 'P', 'tsumogiri': False, 'meta': {'q_values': [-2.3141887, -2.8675253, -2.575868, -4.370985, -5.061687, -6.6466603, -5.8815584, -5.1111937, -0.47848886, 0.7724858, -0.34212202], 'mask_bits': 6722979845, 'is_greedy': True, 'batch_size': 1, 'eval_time_ns': 9322375, 'shanten': 3, 'at_furiten': False}}
2026-01-06 15:41:54.747 | DEBUG    | akagi.akagi:main_loop:1045 - -> {'type': 'dahai', 'actor': 0, 'pai': 'P', 'tsumogiri': False}
2026-01-06 15:41:54.748 | DEBUG    | akagi.akagi:main_loop:1048 - <- {'type': 'none'}
2026-01-06 15:41:55.249 | DEBUG    | akagi.akagi:main_loop:1045 - -> {'type': 'tsumo', 'actor': 1, 'pai': '?'}
2026-01-06 15:41:55.249 | DEBUG    | akagi.akagi:main_loop:1048 - <- {'type': 'none'}
2026-01-06 15:41:57.648 | DEBUG    | akagi.akagi:main_loop:1045 - -> {'type': 'dahai', 'actor': 1, 'pai': '2s', 'tsumogiri': True}
2026-01-06 15:41:57.648 | DEBUG    | akagi.akagi:main_loop:1048 - <- {'type': 'none'}
2026-01-06 15:41:58.148 | DEBUG    | akagi.akagi:main_loop:1045 - -> {'type': 'tsumo', 'actor': 2, 'pai': '?'}
2026-01-06 15:41:58.148 | DEBUG    | akagi.akagi:main_loop:1048 - <- {'type': 'none'}
2026-01-06 15:41:59.748 | DEBUG    | akagi.akagi:main_loop:1045 - -> {'type': 'dahai', 'actor': 2, 'pai': 'E', 'tsumogiri': False}
2026-01-06 15:41:59.748 | DEBUG    | akagi.akagi:main_loop:1048 - <- {'type': 'none'}
2026-01-06 15:42:00.248 | DEBUG    | akagi.akagi:main_loop:1045 - -> {'type': 'tsumo', 'actor': 3, 'pai': '?'}
2026-01-06 15:42:00.248 | DEBUG    | akagi.akagi:main_loop:1048 - <- {'type': 'none'}
2026-01-06 15:42:01.948 | DEBUG    | akagi.akagi:main_loop:1045 - -> {'type': 'dahai', 'actor': 3, 'pai': 'W', 'tsumogiri': True}
2026-01-06 15:42:01.948 | DEBUG    | akagi.akagi:main_loop:1048 - <- {'type': 'none'}
2026-01-06 15:42:02.447 | DEBUG    | akagi.akagi:main_loop:1045 - -> {'type': 'tsumo', 'actor': 0, 'pai': '7m'}
2026-01-06 15:42:02.457 | DEBUG    | akagi.akagi:main_loop:1048 - <- {'type': 'dahai', 'actor': 0, 'pai': 'F', 'tsumogiri': False, 'meta': {'q_values': [-3.812382, -4.7313776, -1.3273134, -2.3534062, -5.815593, -5.3897734, -7.447522, -6.968232, -6.112089, -0.3297317, 0.26397085], 'mask_bits': 4575496261, 'is_greedy': True, 'batch_size': 1, 'eval_time_ns': 6268875, 'shanten': 2, 'at_furiten': False}}
2026-01-06 15:42:07.998 | DEBUG    | akagi.akagi:main_loop:1045 - -> {'type': 'dahai', 'actor': 0, 'pai': 'F', 'tsumogiri': False}
2026-01-06 15:42:07.999 | DEBUG    | akagi.akagi:main_loop:1048 - <- {'type': 'none'}
2026-01-06 15:42:08.497 | DEBUG    | akagi.akagi:main_loop:1045 - -> {'type': 'tsumo', 'actor': 1, 'pai': '?'}
2026-01-06 15:42:08.497 | DEBUG    | akagi.akagi:main_loop:1048 - <- {'type': 'none'}
2026-01-06 15:42:10.499 | DEBUG    | akagi.akagi:main_loop:1045 - -> {'type': 'dahai', 'actor': 1, 'pai': 'N', 'tsumogiri': True}
2026-01-06 15:42:10.499 | DEBUG    | akagi.akagi:main_loop:1048 - <- {'type': 'none'}
2026-01-06 15:42:10.997 | DEBUG    | akagi.akagi:main_loop:1045 - -> {'type': 'tsumo', 'actor': 2, 'pai': '?'}
2026-01-06 15:42:10.997 | DEBUG    | akagi.akagi:main_loop:1048 - <- {'type': 'none'}
2026-01-06 15:42:12.448 | DEBUG    | akagi.akagi:main_loop:1045 - -> {'type': 'dahai', 'actor': 2, 'pai': 'N', 'tsumogiri': False}
2026-01-06 15:42:12.448 | DEBUG    | akagi.akagi:main_loop:1048 - <- {'type': 'none'}
2026-01-06 15:42:12.948 | DEBUG    | akagi.akagi:main_loop:1045 - -> {'type': 'tsumo', 'actor': 3, 'pai': '?'}
2026-01-06 15:42:12.949 | DEBUG    | akagi.akagi:main_loop:1048 - <- {'type': 'none'}
2026-01-06 15:42:15.949 | DEBUG    | akagi.akagi:main_loop:1045 - -> {'type': 'dahai', 'actor': 3, 'pai': '2m', 'tsumogiri': False}
2026-01-06 15:42:15.953 | DEBUG    | akagi.akagi:main_loop:1048 - <- {'type': 'none', 'meta': {'q_values': [-1.9596343, -0.22084415], 'mask_bits': 35734127902720, 'is_greedy': True, 'batch_size': 1, 'eval_time_ns': 2296583, 'shanten': 2, 'at_furiten': False}}
2026-01-06 15:42:23.498 | DEBUG    | akagi.akagi:main_loop:1045 - -> {'type': 'tsumo', 'actor': 0, 'pai': '8p'}
2026-01-06 15:42:23.502 | DEBUG    | akagi.akagi:main_loop:1048 - <- {'type': 'dahai', 'actor': 0, 'pai': 'S', 'tsumogiri': False, 'meta': {'q_values': [-2.3792517, -3.6782224, -0.341219, -0.6921037, -3.177954, -3.0594065, -4.858127, -6.386455, -5.9256716, -5.369257, 0.5773737], 'mask_bits': 280594501, 'is_greedy': True, 'batch_size': 1, 'eval_time_ns': 2480541, 'shanten': 2, 'at_furiten': False}}
2026-01-06 15:42:28.548 | DEBUG    | akagi.akagi:main_loop:1045 - -> {'type': 'dahai', 'actor': 0, 'pai': 'S', 'tsumogiri': False}
2026-01-06 15:42:28.548 | DEBUG    | akagi.akagi:main_loop:1048 - <- {'type': 'none'}
2026-01-06 15:42:29.047 | DEBUG    | akagi.akagi:main_loop:1045 - -> {'type': 'tsumo', 'actor': 1, 'pai': '?'}
2026-01-06 15:42:29.047 | DEBUG    | akagi.akagi:main_loop:1048 - <- {'type': 'none'}
2026-01-06 15:42:30.747 | DEBUG    | akagi.akagi:main_loop:1045 - -> {'type': 'dahai', 'actor': 1, 'pai': 'F', 'tsumogiri': True}
2026-01-06 15:42:30.747 | DEBUG    | akagi.akagi:main_loop:1048 - <- {'type': 'none'}
2026-01-06 15:42:33.247 | DEBUG    | akagi.akagi:main_loop:1045 - -> {'type': 'tsumo', 'actor': 2, 'pai': '?'}
2026-01-06 15:42:33.248 | DEBUG    | akagi.akagi:main_loop:1048 - <- {'type': 'none'}
2026-01-06 15:42:35.297 | DEBUG    | akagi.akagi:main_loop:1045 - -> {'type': 'dahai', 'actor': 2, 'pai': '2s', 'tsumogiri': False}
2026-01-06 15:42:35.297 | DEBUG    | akagi.akagi:main_loop:1048 - <- {'type': 'none'}
2026-01-06 15:42:35.798 | DEBUG    | akagi.akagi:main_loop:1045 - -> {'type': 'tsumo', 'actor': 3, 'pai': '?'}
2026-01-06 15:42:35.798 | DEBUG    | akagi.akagi:main_loop:1048 - <- {'type': 'none'}
2026-01-06 15:42:39.698 | DEBUG    | akagi.akagi:main_loop:1045 - -> {'type': 'dahai', 'actor': 3, 'pai': '1p', 'tsumogiri': True}
2026-01-06 15:42:39.698 | DEBUG    | akagi.akagi:main_loop:1048 - <- {'type': 'none'}
2026-01-06 15:42:40.198 | DEBUG    | akagi.akagi:main_loop:1045 - -> {'type': 'tsumo', 'actor': 0, 'pai': '7m'}
2026-01-06 15:42:40.203 | DEBUG    | akagi.akagi:main_loop:1048 - <- {'type': 'dahai', 'actor': 0, 'pai': '3p', 'tsumogiri': False, 'meta': {'q_values': [-1.5926064, -2.4811397, -3.3263354, 1.0997244, -1.0947698, -2.9306812, -3.6765256, -5.4523025, -4.5404286, -4.505881], 'mask_bits': 12159045, 'is_greedy': True, 'batch_size': 1, 'eval_time_ns': 4909042, 'shanten': 2, 'at_furiten': False}}
2026-01-06 15:42:46.198 | DEBUG    | akagi.akagi:main_loop:1045 - -> {'type': 'dahai', 'actor': 0, 'pai': '3p', 'tsumogiri': False}
2026-01-06 15:42:46.198 | DEBUG    | akagi.akagi:main_loop:1048 - <- {'type': 'none'}
2026-01-06 15:42:46.748 | DEBUG    | akagi.akagi:main_loop:1045 - -> {'type': 'tsumo', 'actor': 1, 'pai': '?'}
2026-01-06 15:42:46.748 | DEBUG    | akagi.akagi:main_loop:1048 - <- {'type': 'none'}
2026-01-06 15:42:48.849 | DEBUG    | akagi.akagi:main_loop:1045 - -> {'type': 'dahai', 'actor': 1, 'pai': '3s', 'tsumogiri': False}
2026-01-06 15:42:48.849 | DEBUG    | akagi.akagi:main_loop:1048 - <- {'type': 'none'}
2026-01-06 15:42:49.348 | DEBUG    | akagi.akagi:main_loop:1045 - -> {'type': 'tsumo', 'actor': 2, 'pai': '?'}
2026-01-06 15:42:49.348 | DEBUG    | akagi.akagi:main_loop:1048 - <- {'type': 'none'}
2026-01-06 15:42:50.648 | DEBUG    | akagi.akagi:main_loop:1045 - -> {'type': 'dahai', 'actor': 2, 'pai': '2s', 'tsumogiri': True}
2026-01-06 15:42:50.648 | DEBUG    | akagi.akagi:main_loop:1048 - <- {'type': 'none'}
2026-01-06 15:42:51.147 | DEBUG    | akagi.akagi:main_loop:1045 - -> {'type': 'tsumo', 'actor': 3, 'pai': '?'}
2026-01-06 15:42:51.147 | DEBUG    | akagi.akagi:main_loop:1048 - <- {'type': 'none'}
2026-01-06 15:42:53.498 | DEBUG    | akagi.akagi:main_loop:1045 - -> {'type': 'dahai', 'actor': 3, 'pai': 'E', 'tsumogiri': True}
2026-01-06 15:42:53.498 | DEBUG    | akagi.akagi:main_loop:1048 - <- {'type': 'none'}
2026-01-06 15:42:53.998 | DEBUG    | akagi.akagi:main_loop:1045 - -> {'type': 'tsumo', 'actor': 0, 'pai': 'C'}
2026-01-06 15:42:54.005 | DEBUG    | akagi.akagi:main_loop:1048 - <- {'type': 'dahai', 'actor': 0, 'pai': 'C', 'tsumogiri': True, 'meta': {'q_values': [-2.25616, -2.9949825, -3.4520962, -0.29055566, -3.2947798, -4.3084993, -4.6603403, -5.3172145, -4.5106363, 0.7632473], 'mask_bits': 8602091589, 'is_greedy': True, 'batch_size': 1, 'eval_time_ns': 6333708, 'shanten': 1, 'at_furiten': False}}
2026-01-06 15:42:55.798 | DEBUG    | akagi.akagi:main_loop:1045 - -> {'type': 'dahai', 'actor': 0, 'pai': 'C', 'tsumogiri': True}
2026-01-06 15:42:55.798 | DEBUG    | akagi.akagi:main_loop:1048 - <- {'type': 'none'}
2026-01-06 15:42:56.297 | DEBUG    | akagi.akagi:main_loop:1045 - -> {'type': 'tsumo', 'actor': 1, 'pai': '?'}
2026-01-06 15:42:56.297 | DEBUG    | akagi.akagi:main_loop:1048 - <- {'type': 'none'}
2026-01-06 15:42:57.998 | DEBUG    | akagi.akagi:main_loop:1045 - -> {'type': 'dahai', 'actor': 1, 'pai': 'S', 'tsumogiri': True}
2026-01-06 15:42:57.998 | DEBUG    | akagi.akagi:main_loop:1048 - <- {'type': 'none'}
2026-01-06 15:42:58.548 | DEBUG    | akagi.akagi:main_loop:1045 - -> {'type': 'tsumo', 'actor': 2, 'pai': '?'}
2026-01-06 15:42:58.548 | DEBUG    | akagi.akagi:main_loop:1048 - <- {'type': 'none'}
2026-01-06 15:43:00.598 | DEBUG    | akagi.akagi:main_loop:1045 - -> {'type': 'dahai', 'actor': 2, 'pai': '8m', 'tsumogiri': False}
2026-01-06 15:43:00.598 | DEBUG    | akagi.akagi:main_loop:1048 - <- {'type': 'none'}
2026-01-06 15:43:01.098 | DEBUG    | akagi.akagi:main_loop:1045 - -> {'type': 'tsumo', 'actor': 3, 'pai': '?'}
2026-01-06 15:43:01.098 | DEBUG    | akagi.akagi:main_loop:1048 - <- {'type': 'none'}
2026-01-06 15:43:19.351 | DEBUG    | akagi.akagi:main_loop:1045 - -> {'type': 'dahai', 'actor': 3, 'pai': '6p', 'tsumogiri': False}
2026-01-06 15:43:19.355 | DEBUG    | akagi.akagi:main_loop:1048 - <- {'type': 'none', 'meta': {'q_values': [-0.56022465, 0.0031422228], 'mask_bits': 35459249995776, 'is_greedy': True, 'batch_size': 1, 'eval_time_ns': 3873375, 'shanten': 1, 'at_furiten': False}}
2026-01-06 15:43:22.998 | DEBUG    | akagi.akagi:main_loop:1045 - -> {'type': 'tsumo', 'actor': 0, 'pai': '7m'}
2026-01-06 15:43:23.004 | DEBUG    | akagi.akagi:main_loop:1048 - <- {'type': 'reach', 'actor': 0, 'meta': {'q_values': [0.22632125, -0.4135252, -2.3029144, -1.4676802, -0.028072322, -2.282883, -2.8579986, -2.5488863, -2.097348, 0.47611764], 'mask_bits': 137451110469, 'is_greedy': True, 'batch_size': 1, 'eval_time_ns': 5108542, 'shanten': 1, 'at_furiten': False}}
2026-01-06 15:43:33.849 | DEBUG    | akagi.akagi:main_loop:1045 - -> {'type': 'reach', 'actor': 0}
2026-01-06 15:43:33.850 | DEBUG    | akagi.akagi:main_loop:1045 - -> {'type': 'dahai', 'actor': 0, 'pai': '8p', 'tsumogiri': False}
2026-01-06 15:43:33.855 | DEBUG    | akagi.akagi:main_loop:1048 - <- {'type': 'none'}
2026-01-06 15:43:36.448 | DEBUG    | akagi.akagi:main_loop:1045 - -> {'type': 'reach_accepted', 'actor': 0}
2026-01-06 15:43:36.448 | DEBUG    | akagi.akagi:main_loop:1045 - -> {'type': 'tsumo', 'actor': 1, 'pai': '?'}
2026-01-06 15:43:36.448 | DEBUG    | akagi.akagi:main_loop:1048 - <- {'type': 'none'}
2026-01-06 15:43:39.098 | DEBUG    | akagi.akagi:main_loop:1045 - -> {'type': 'dahai', 'actor': 1, 'pai': '8p', 'tsumogiri': False}
2026-01-06 15:43:39.098 | DEBUG    | akagi.akagi:main_loop:1048 - <- {'type': 'none'}
2026-01-06 15:43:39.598 | DEBUG    | akagi.akagi:main_loop:1045 - -> {'type': 'tsumo', 'actor': 2, 'pai': '?'}
2026-01-06 15:43:39.598 | DEBUG    | akagi.akagi:main_loop:1048 - <- {'type': 'none'}
2026-01-06 15:43:41.248 | DEBUG    | akagi.akagi:main_loop:1045 - -> {'type': 'dahai', 'actor': 2, 'pai': '9m', 'tsumogiri': False}
2026-01-06 15:43:41.248 | DEBUG    | akagi.akagi:main_loop:1048 - <- {'type': 'none'}
2026-01-06 15:43:41.748 | DEBUG    | akagi.akagi:main_loop:1045 - -> {'type': 'tsumo', 'actor': 3, 'pai': '?'}
2026-01-06 15:43:41.749 | DEBUG    | akagi.akagi:main_loop:1048 - <- {'type': 'none'}
2026-01-06 15:43:43.698 | DEBUG    | akagi.akagi:main_loop:1045 - -> {'type': 'dahai', 'actor': 3, 'pai': '1p', 'tsumogiri': True}
2026-01-06 15:43:43.698 | DEBUG    | akagi.akagi:main_loop:1048 - <- {'type': 'none'}
2026-01-06 15:43:44.198 | DEBUG    | akagi.akagi:main_loop:1045 - -> {'type': 'tsumo', 'actor': 0, 'pai': '8m'}
2026-01-06 15:43:44.202 | DEBUG    | akagi.akagi:main_loop:1048 - <- {'type': 'dahai', 'actor': 0, 'pai': '8m', 'tsumogiri': True, 'meta': {'q_values': [0.35277176], 'mask_bits': 128, 'is_greedy': True, 'batch_size': 1, 'eval_time_ns': 3881792, 'shanten': 0, 'at_furiten': False}}
2026-01-06 15:43:44.998 | DEBUG    | akagi.akagi:main_loop:1045 - -> {'type': 'dahai', 'actor': 0, 'pai': '8m', 'tsumogiri': True}
2026-01-06 15:43:44.998 | DEBUG    | akagi.akagi:main_loop:1048 - <- {'type': 'none'}
2026-01-06 15:43:45.498 | DEBUG    | akagi.akagi:main_loop:1045 - -> {'type': 'tsumo', 'actor': 1, 'pai': '?'}
2026-01-06 15:43:45.498 | DEBUG    | akagi.akagi:main_loop:1048 - <- {'type': 'none'}
2026-01-06 15:43:48.197 | DEBUG    | akagi.akagi:main_loop:1045 - -> {'type': 'dahai', 'actor': 1, 'pai': '3s', 'tsumogiri': True}
2026-01-06 15:43:48.197 | DEBUG    | akagi.akagi:main_loop:1048 - <- {'type': 'none'}
2026-01-06 15:43:48.699 | DEBUG    | akagi.akagi:main_loop:1045 - -> {'type': 'tsumo', 'actor': 2, 'pai': '?'}
2026-01-06 15:43:48.699 | DEBUG    | akagi.akagi:main_loop:1048 - <- {'type': 'none'}
2026-01-06 15:43:50.498 | DEBUG    | akagi.akagi:main_loop:1045 - -> {'type': 'dahai', 'actor': 2, 'pai': '5p', 'tsumogiri': True}
2026-01-06 15:43:50.498 | DEBUG    | akagi.akagi:main_loop:1048 - <- {'type': 'none'}
2026-01-06 15:43:50.998 | DEBUG    | akagi.akagi:main_loop:1045 - -> {'type': 'tsumo', 'actor': 3, 'pai': '?'}
2026-01-06 15:43:50.999 | DEBUG    | akagi.akagi:main_loop:1048 - <- {'type': 'none'}
2026-01-06 15:43:57.598 | DEBUG    | akagi.akagi:main_loop:1045 - -> {'type': 'dahai', 'actor': 3, 'pai': '4p', 'tsumogiri': False}
2026-01-06 15:43:57.598 | DEBUG    | akagi.akagi:main_loop:1048 - <- {'type': 'none'}
2026-01-06 15:43:58.098 | DEBUG    | akagi.akagi:main_loop:1045 - -> {'type': 'tsumo', 'actor': 0, 'pai': '7s'}
2026-01-06 15:43:58.106 | DEBUG    | akagi.akagi:main_loop:1048 - <- {'type': 'dahai', 'actor': 0, 'pai': '7s', 'tsumogiri': True, 'meta': {'q_values': [0.41318727], 'mask_bits': 16777216, 'is_greedy': True, 'batch_size': 1, 'eval_time_ns': 7083917, 'shanten': 0, 'at_furiten': False}}
2026-01-06 15:43:58.898 | DEBUG    | akagi.akagi:main_loop:1045 - -> {'type': 'dahai', 'actor': 0, 'pai': '7s', 'tsumogiri': True}
2026-01-06 15:43:58.898 | DEBUG    | akagi.akagi:main_loop:1048 - <- {'type': 'none'}
2026-01-06 15:44:01.298 | DEBUG    | akagi.akagi:main_loop:1045 - -> {'type': 'tsumo', 'actor': 1, 'pai': '?'}
2026-01-06 15:44:01.298 | DEBUG    | akagi.akagi:main_loop:1048 - <- {'type': 'none'}
2026-01-06 15:44:02.748 | DEBUG    | akagi.akagi:main_loop:1045 - -> {'type': 'dahai', 'actor': 1, 'pai': 'S', 'tsumogiri': True}
2026-01-06 15:44:02.748 | DEBUG    | akagi.akagi:main_loop:1048 - <- {'type': 'none'}
2026-01-06 15:44:03.248 | DEBUG    | akagi.akagi:main_loop:1045 - -> {'type': 'tsumo', 'actor': 2, 'pai': '?'}
2026-01-06 15:44:03.248 | DEBUG    | akagi.akagi:main_loop:1048 - <- {'type': 'none'}
2026-01-06 15:44:05.748 | DEBUG    | akagi.akagi:main_loop:1045 - -> {'type': 'dahai', 'actor': 2, 'pai': '5p', 'tsumogiri': False}
2026-01-06 15:44:05.748 | DEBUG    | akagi.akagi:main_loop:1048 - <- {'type': 'none'}
2026-01-06 15:44:06.248 | DEBUG    | akagi.akagi:main_loop:1045 - -> {'type': 'tsumo', 'actor': 3, 'pai': '?'}
2026-01-06 15:44:06.248 | DEBUG    | akagi.akagi:main_loop:1048 - <- {'type': 'none'}
2026-01-06 15:44:07.848 | DEBUG    | akagi.akagi:main_loop:1045 - -> {'type': 'dahai', 'actor': 3, 'pai': '1p', 'tsumogiri': True}
2026-01-06 15:44:07.848 | DEBUG    | akagi.akagi:main_loop:1048 - <- {'type': 'none'}
2026-01-06 15:44:08.347 | DEBUG    | akagi.akagi:main_loop:1045 - -> {'type': 'tsumo', 'actor': 0, 'pai': 'C'}
2026-01-06 15:44:08.351 | DEBUG    | akagi.akagi:main_loop:1048 - <- {'type': 'dahai', 'actor': 0, 'pai': 'C', 'tsumogiri': True, 'meta': {'q_values': [0.55238545], 'mask_bits': 8589934592, 'is_greedy': True, 'batch_size': 1, 'eval_time_ns': 3127750, 'shanten': 0, 'at_furiten': False}}
2026-01-06 15:44:09.148 | DEBUG    | akagi.akagi:main_loop:1045 - -> {'type': 'dahai', 'actor': 0, 'pai': 'C', 'tsumogiri': True}
2026-01-06 15:44:09.148 | DEBUG    | akagi.akagi:main_loop:1048 - <- {'type': 'none'}
2026-01-06 15:44:09.648 | DEBUG    | akagi.akagi:main_loop:1045 - -> {'type': 'tsumo', 'actor': 1, 'pai': '?'}
2026-01-06 15:44:09.648 | DEBUG    | akagi.akagi:main_loop:1048 - <- {'type': 'none'}
2026-01-06 15:44:15.298 | DEBUG    | akagi.akagi:main_loop:1045 - -> {'type': 'dahai', 'actor': 1, 'pai': '4p', 'tsumogiri': False}
2026-01-06 15:44:15.298 | DEBUG    | akagi.akagi:main_loop:1048 - <- {'type': 'none'}
2026-01-06 15:44:15.798 | DEBUG    | akagi.akagi:main_loop:1045 - -> {'type': 'tsumo', 'actor': 2, 'pai': '?'}
2026-01-06 15:44:15.798 | DEBUG    | akagi.akagi:main_loop:1048 - <- {'type': 'none'}
2026-01-06 15:44:18.498 | DEBUG    | akagi.akagi:main_loop:1045 - -> {'type': 'dahai', 'actor': 2, 'pai': '7s', 'tsumogiri': False}
2026-01-06 15:44:18.499 | DEBUG    | akagi.akagi:main_loop:1048 - <- {'type': 'none'}
2026-01-06 15:44:20.348 | DEBUG    | akagi.akagi:main_loop:1045 - -> {'type': 'tsumo', 'actor': 3, 'pai': '?'}
2026-01-06 15:44:20.349 | DEBUG    | akagi.akagi:main_loop:1048 - <- {'type': 'none'}
2026-01-06 15:44:22.097 | DEBUG    | akagi.akagi:main_loop:1045 - -> {'type': 'dahai', 'actor': 3, 'pai': '4p', 'tsumogiri': True}
2026-01-06 15:44:22.097 | DEBUG    | akagi.akagi:main_loop:1048 - <- {'type': 'none'}
2026-01-06 15:44:22.598 | DEBUG    | akagi.akagi:main_loop:1045 - -> {'type': 'tsumo', 'actor': 0, 'pai': '2m'}
2026-01-06 15:44:22.604 | DEBUG    | akagi.akagi:main_loop:1048 - <- {'type': 'hora', 'actor': 0, 'target': 0, 'meta': {'q_values': [-5.4325666, 0.5987606], 'mask_bits': 8796093022210, 'is_greedy': True, 'batch_size': 1, 'eval_time_ns': 5482333, 'shanten': 0, 'at_furiten': False}}
2026-01-06 15:44:25.556 | DEBUG    | akagi.akagi:main_loop:1045 - -> {'type': 'end_kyoku'}
2026-01-06 15:44:25.556 | DEBUG    | akagi.akagi:main_loop:1045 - -> {'type': 'end_game'}
2026-01-06 15:44:25.558 | DEBUG    | akagi.akagi:main_loop:1048 - <- {'type': 'none'}
